<?xml version='1.0' encoding='UTF-8'?>
<shortcuts>
	<shortcut>
		<defaultID>script.globalsearch</defaultID>
		<label>137</label>
		<label2>Custom shortcut</label2>
		<icon />
		<thumb>special://skin/extras/default/search.jpg</thumb>
		<action>RunScript(script.globalsearch)</action>
	</shortcut>
	<shortcut>
		<defaultID>19019</defaultID>
		<label>19019</label>
		<label2>Live-TV</label2>
		<icon />
		<thumb />
		<action>ActivateWindow(TVChannels)</action>
	</shortcut>
	<shortcut>
		<defaultID>movies</defaultID>
		<label>342</label>
		<label2>Common Shortcut</label2>
		<icon>DefaultMovies.png</icon>
		<thumb />
		<action>ActivateWindow(Videos,MovieTitles,return)</action>
	</shortcut>
	<shortcut>
		<defaultID>tvshows</defaultID>
		<label>20343</label>
		<label2>Common Shortcut</label2>
		<icon>DefaultTVShows.png</icon>
		<thumb />
		<action>ActivateWindow(Videos,TVShowTitles,return)</action>
	</shortcut>
	<shortcut>
		<defaultID>favourites</defaultID>
		<label>1036</label>
		<label2>Common Shortcut</label2>
		<icon>DefaultShortcut.png</icon>
		<thumb />
		<action>ActivateWindow(favourites)</action>
	</shortcut>
	<shortcut>
		<defaultID>videos</defaultID>
		<label>10006</label>
		<label2>Common Shortcut</label2>
		<icon>DefaultVideo.png</icon>
		<thumb>special://skin/extras/default/videos.jpg</thumb>
		<action>ActivateWindow(Videos,root)</action>
	</shortcut>
	<shortcut>
		<defaultID>music</defaultID>
		<label>10005</label>
		<label2>Common Shortcut</label2>
		<icon>DefaultMusicAlbums.png</icon>
		<thumb />
		<action>ActivateWindow(Music,root)</action>
	</shortcut>
	<shortcut>
		<defaultID>programs</defaultID>
		<label>31101</label>
		<label2>Custom shortcut</label2>
		<icon>DefaultProgram.png</icon>
		<thumb />
		<action>ActivateWindow(Programs)</action>
	</shortcut>
	<shortcut>
		<defaultID>pictures</defaultID>
		<label>31100</label>
		<label2>Common Shortcut</label2>
		<icon>DefaultPicture.png</icon>		
		<thumb>special://skin/extras/default/photos.jpg</thumb>
		<action>ActivateWindow(Pictures)</action>
	</shortcut>
	<shortcut>
		<defaultID>weather</defaultID>
		<label>12600</label>
		<label2>Common Shortcut</label2>
		<icon>DefaultShortcut.png</icon>
		<property name="ftvWidget">weather</property>
		<thumb />
		<action>ActivateWindow(Weather)</action>
	</shortcut>
	<shortcut>
		<defaultID>settings</defaultID>
		<label>10004</label>
		<label2>Common Shortcut</label2>
		<icon>DefaultShortcut.png</icon>
		<thumb />
		<action>ActivateWindow(Settings)</action>
	</shortcut>
	<shortcut>
		<defaultID>exit</defaultID>
		<label>13012</label>
		<label2>Kodi Command</label2>
		<icon>DefaultShortcut.png</icon>
		<thumb>special://skin/extras/default/power.jpg</thumb>
		<action>ActivateWindow(ShutdownMenu)</action>
	</shortcut>
</shortcuts>
