<?xml version='1.0' encoding='UTF-8'?>
<shortcuts>
	<shortcut>
		<defaultID>13009</defaultID>
		<label>13009</label>
		<label2>Kodi Command</label2>
		<icon>DefaultShortcut.png</icon>
		<thumb />
		<action>Quit</action>
	</shortcut>
	<shortcut>
		<defaultID>13011</defaultID>
		<label>13011</label>
		<label2>Kodi Command</label2>
		<icon>DefaultShortcut.png</icon>
		<thumb />
		<action>Suspend</action>
	</shortcut>
	<shortcut>
		<defaultID>13010</defaultID>
		<label>13010</label>
		<label2>Kodi Command</label2>
		<icon>DefaultShortcut.png</icon>
		<thumb />
		<action>Hibernate</action>
	</shortcut>
	<shortcut>
		<defaultID>13013</defaultID>
		<label>13013</label>
		<label2>Kodi Command</label2>
		<icon>DefaultShortcut.png</icon>
		<thumb />
		<action>Reboot</action>
	</shortcut>
	<shortcut>
		<defaultID>13016</defaultID>
		<label>13016</label>
		<label2>Kodi Command</label2>
		<icon>DefaultShortcut.png</icon>
		<thumb />
		<action>PowerDown</action>
	</shortcut>
	<shortcut>
		<defaultID>13005</defaultID>
		<label>13005</label>
		<label2>Kodi Command</label2>
		<icon>DefaultShortcut.png</icon>
		<thumb />
		<action>ShutDown</action>
	</shortcut>
	<shortcut>
		<defaultID>19026</defaultID>
		<label>19026</label>
		<label2>Kodi Command</label2>
		<icon>DefaultShortcut.png</icon>
		<thumb />
		<action>AlarmClock(shutdowntimer,XBMC.Shutdown())</action>
	</shortcut>
	<shortcut>
		<defaultID>20151</defaultID>
		<label>20151</label>
		<label2>Kodi Command</label2>
		<icon>DefaultShortcut.png</icon>
		<thumb />
		<action>CancelAlarm(shutdowntimer)</action>
	</shortcut>
	<shortcut>
		<defaultID>360</defaultID>
		<label>360</label>
		<label2>Kodi Command</label2>
		<icon>DefaultShortcut.png</icon>
		<thumb />
		<action>ActivateScreensaver</action>
	</shortcut>
	<shortcut>
		<defaultID>20045</defaultID>
		<label>20045</label>
		<label2>Kodi Command</label2>
		<icon>DefaultActor.png</icon>
		<thumb />
		<action>Mastermode</action>
	</shortcut>
	<shortcut>
		<defaultID>20126</defaultID>
		<label>20126</label>
		<label2>Kodi Command</label2>
		<icon>DefaultActor.png</icon>
		<thumb />
		<action>System.LogOff</action>
	</shortcut>
	<shortcut>
		<defaultID>settings</defaultID>
		<label>10004</label>
		<label2>Common Shortcut</label2>
		<icon>DefaultShortcut.png</icon>
		<thumb />
		<action>ActivateWindow(Settings)</action>
	</shortcut>
</shortcuts>
