﻿<?xml version="1.0" encoding="UTF-8" standalone="yes"?>
<addon id="repository.tva.common" name="TVADDONS.ag Libraries Repository" version="1.0.2" provider-name="tvaddons.ag">
    <extension point="xbmc.addon.repository" name="TVADDONS.ag Libraries Repository">
		<dir>
			<info compressed="false">https://offshoregit.com/tvaresolvers/tva-common-repository/raw/master/addons.xml</info>
			<checksum>https://offshoregit.com/tvaresolvers/tva-common-repository/raw/master/addons.xml.md5</checksum>
			<datadir zip="true">https://offshoregit.com/tvaresolvers/tva-common-repository/raw/master/zips/</datadir>
		</dir>
		<info compressed="false">https://offshoregit.com/exodus/addons.xml</info>
		<checksum>https://offshoregit.com/exodus/addons.xml.md5</checksum>
		<datadir zip="true">https://offshoregit.com/exodus/</datadir>
    </extension>
    <extension point="xbmc.addon.metadata">
        <summary>Faster Updating of Common Libraries for Kodi</summary>
        <description>This repository contains intermediate builds of libraries commonly used by TVAddons Kodi addons, Brought to you by TVADDONS.ag</description>
        <platform>all</platform>
    </extension>
</addon>

