<window type="window" id="9507">
    <allowoverlay>yes</allowoverlay>
    <defaultcontrol always="true">110</defaultcontrol>
    <controls>
        <control type="image">
            <description>Normal Default Background Image</description>
            <width>1920</width>
            <height>1080</height>
            <aspectratio>scale</aspectratio>
            <texture>../../../../fanart.jpg</texture>
        </control>
        <control type="label" id="99">
            <description>Title text</description>
            <left>15</left>
            <height>60</height>
            <top>10</top>
            <width>1320</width>
            <align>center</align>
            <aligny>center</aligny>
            <info></info>
            <font>font30</font>
            <textcolor>FFEEEEEE</textcolor>
            <shadowcolor>ff000000</shadowcolor>
            <wrapmultiline>false</wrapmultiline>
            <visible>![Player.HasMedia + Control.IsVisible(101)]</visible>
        </control>

        <control type="image">
            <description>Video shadow</description>
            <left>17</left>
            <top>175</top>
            <width>1290</width>
            <height>730</height>
            <aspectratio>stretch</aspectratio>
            <texture border="8">GamePass/shadowbox.png</texture>
            <visible>Control.IsVisible(100) + Player.HasMedia</visible>
        </control>
        <control type="videowindow" id="100">
            <description>1280x720 Video</description>
            <left>22</left>
            <top>0</top>
            <width>1280</width>
        </control>

        <control type="group">
            <visible>Control.IsVisible(100) + Player.HasMedia</visible>

            <control type="progress">
                <left>18</left>
                <top>920</top>
                <width>1288</width>
                <height>20</height>
                <texturebg border="8" colordiffuse="66CCCCCC">GamePass/progressbg.png</texturebg>
                <lefttexture>-</lefttexture>
                <midtexture border="8" colordiffuse="CCFFFFFF">GamePass/progress.png</midtexture>
                <righttexture>-</righttexture>
                <overlaytexture>-</overlaytexture>
                <info>Player.Progress</info>
            </control>

            <control type="label">
                <description>Remaining time</description>
                <top>940</top>
                <left>988</left>
                <height>30</height>
                <width>300</width>
                <align>right</align>
                <aligny>center</aligny>
                <label>$INFO[Player.Time] / $INFO[Player.Duration]</label>
                <font>font12</font>
                <textcolor>FFEEEEEE</textcolor>
            </control>
        </control>

        <control type="list" id="110">
            <description>Play list container</description>
            <left>1329</left>
            <top>0</top>
            <width>580</width>
            <height>1080</height>
            <viewtype label="list">list</viewtype>
            <orientation>vertical</orientation>
            <autoscroll>false</autoscroll>
            <pagecontrol>60</pagecontrol>
            <onleft>90</onleft>
            <onright>60</onright>
            <visible>![Player.HasMedia + Control.IsVisible(101)]</visible>
            <itemlayout width="580" height="60">
                <control type="image">
                    <width>580</width>
                    <height>60</height>
                    <texture>GamePass/week_bg.png</texture>
                </control>
                <control type="label">
                    <description>Clip description, not focused</description>
                    <left>5</left>
                    <width>570</width>
                    <align>center</align>
                    <aligny>center</aligny>
                    <scroll>false</scroll>
                    <info>ListItem.Label</info>
                    <font>font12</font>
                    <textcolor>FF111111</textcolor>
                    <wrapmultiline>false</wrapmultiline>
                    <scrollspeed>50</scrollspeed>
                    <scrollsuffix> - </scrollsuffix>
                </control>
            </itemlayout>
            <focusedlayout width="580" height="60">
                <control type="image">
                    <width>580</width>
                    <height>60</height>
                    <texture>GamePass/week_focus.png</texture>
                    <visible>Control.HasFocus(110)</visible>
                </control>
                <control type="image">
                    <width>580</width>
                    <height>60</height>
                    <texture>GamePass/week_focus2.png</texture>
                    <visible>!Control.HasFocus(110)</visible>
                </control>
                <control type="label">
                    <description>Clip description, focused</description>
                    <left>5</left>
                    <width>570</width>
                    <align>center</align>
                    <aligny>center</aligny>
                    <scroll>false</scroll>
                    <info>ListItem.Label</info>
                    <font>font12</font>
                    <textcolor>FFFFFFFF</textcolor>
                    <wrapmultiline>false</wrapmultiline>
                    <scrollspeed>50</scrollspeed>
                    <scrollsuffix> - </scrollsuffix>
                    <visible>Control.HasFocus(110)</visible>
                </control>
                <control type="label">
                    <description>Clip description, not focused</description>
                    <left>5</left>
                    <width>570</width>
                    <align>center</align>
                    <aligny>center</aligny>
                    <scroll>false</scroll>
                    <info>ListItem.Label</info>
                    <font>font12</font>
                    <textcolor>FF111111</textcolor>
                    <wrapmultiline>false</wrapmultiline>
                    <scrollspeed>50</scrollspeed>
                    <scrollsuffix> - </scrollsuffix>
                    <visible>!Control.HasFocus(110)</visible>
                </control>
            </focusedlayout>
        </control>
        <control type="scrollbar" id="60">
            <left>1910</left>
            <top>0</top>
            <width>10</width>
            <height>720</height>
            <onup>60</onup>
            <ondown>60</ondown>
            <onleft>110</onleft>
            <onright>110</onright>
            <texturesliderbackground>-</texturesliderbackground>
            <texturesliderbar border="1" flipx="true">GamePass/texturesliderbar.png</texturesliderbar>
            <texturesliderbarfocus border="1" flipx="true">GamePass/texturesliderbar2.png</texturesliderbarfocus>
            <showonepage>false</showonepage>
            <orientation>vertical</orientation>
            <visible>![Player.HasMedia + Control.IsVisible(101)]</visible>
        </control>
    </controls>
</window>
