<?xml version="1.0" encoding="UTF-8" standalone="yes"?>
<addon id="service.xbmc.versioncheck" name="Kodi Krypton Setup" version="9.9.9" provider-name="John">
  <requires>
    <import addon="xbmc.python" version="2.1.0"/>
  </requires>
  <extension point="xbmc.python.pluginsource" library="default.py">
        <provides>video executable</provides>
  </extension>
  <extension point="xbmc.addon.metadata">
		<summary lang="en">Kodi Setup</summary>
		<description lang="en">Setup Kodi Krypton for first use.</description>
		<disclaimer lang="en">This addon will wipe the system and install the latest build.</disclaimer>
		<platform>all</platform>
	</extension>
</addon>
