<?xml version="1.0" encoding="UTF-8"?>
<includes>
	<default type="label">
		<align>left</align>
		<aligny>center</aligny>
		<font>Reg27</font>
		<disabledcolor>DisabledColor</disabledcolor>
		<selectedcolor>ffffffff</selectedcolor>
		<scrollsuffix>         |         </scrollsuffix>
	</default>
	<default type="fadelabel">
		<height>36</height>
		<align>left</align>
		<aligny>center</aligny>
		<font>Reg27</font>
		<scrollout>false</scrollout>
		<scrollspeed>80</scrollspeed>
		<pauseatend>2000</pauseatend>
	</default>
	<default type="button">
		<width>400</width>
		<height>66</height>
		<align>left</align>
		<aligny>center</aligny>
		<font>Med22</font>
		<textcolor>ffd8d8d8</textcolor>
		<focusedcolor>ff000000</focusedcolor>
		<selectedcolor>ffffffff</selectedcolor>
		<invalidcolor>DisabledColor</invalidcolor>
		<disabledcolor>DisabledColor</disabledcolor>
		<texturefocus border="8">dialogs/DialogButtonFO.png</texturefocus>
		<texturenofocus border="8">dialogs/DialogButtonNF.png</texturenofocus>
		<pulseonselect>false</pulseonselect>
	</default>
	<default type="togglebutton">
		<width>400</width>
		<height>66</height>
		<align>left</align>
		<aligny>center</aligny>
		<label>-</label>
		<font>Med22</font>
		<textcolor>ffd8d8d8</textcolor>
		<focusedcolor>ff000000</focusedcolor>
		<selectedcolor>ffffffff</selectedcolor>
		<disabledcolor>DisabledColor</disabledcolor>
		<texturefocus>-</texturefocus>
		<texturenofocus>-</texturenofocus>
		<alttexturenofocus>-</alttexturenofocus>
		<alttexturefocus>-</alttexturefocus>
		<pulseonselect>false</pulseonselect>
	</default>
	<default type="radiobutton">
		<width>400</width>
		<height>66</height>
		<align>left</align>
		<aligny>center</aligny>
		<font>Med22</font>
		<label>-</label>
		<textcolor>ffd8d8d8</textcolor>
		<focusedcolor>ff000000</focusedcolor>
		<selectedcolor>ffffffff</selectedcolor>
		<disabledcolor>DisabledColor</disabledcolor>
		<radiowidth>100</radiowidth>
		<radioheight>58</radioheight>
		<radiowidth />
		<radioheight />
		<textureradioonfocus>-</textureradioonfocus>
		<textureradioonnofocus>-</textureradioonnofocus>
		<textureradioofffocus>-</textureradioofffocus>
		<textureradiooffnofocus>-</textureradiooffnofocus>
		<pulseonselect>false</pulseonselect>
	</default>
	<default type="spincontrolex">
		<width>400</width>
		<height>66</height>
		<align>left</align>
		<aligny>center</aligny>
		<label>-</label>
		<font>Med22</font>
		<textcolor>ffd8d8d8</textcolor>
		<focusedcolor>ff000000</focusedcolor>
		<selectedcolor>ffffffff</selectedcolor>
		<disabledcolor>DisabledColor</disabledcolor>
		<spinwidth>32</spinwidth>
		<spinheight>21</spinheight>
		<texturenofocus>-</texturenofocus>
		<texturefocus>-</texturefocus>
		<textureup>dialogs/SpinUpNF.png</textureup>
		<texturedown>dialogs/SpinDownNF.png</texturedown>
		<textureupfocus>dialogs/SpinUpFO.png</textureupfocus>
		<texturedownfocus>dialogs/SpinDownFO.png</texturedownfocus>
		<textureupdisabled>dialogs/SpinUpDisabled.png</textureupdisabled>
		<texturedowndisabled>dialogs/SpinDownDisabled.png</texturedowndisabled>
		<reverse>yes</reverse>
		<pulseonselect>false</pulseonselect>
	</default>
	<default type="spincontrol">
		<height>66</height>
		<width>66</width>
		<align>left</align>
		<aligny>center</aligny>
		<font>Med22</font>
		<textcolor>ffd8d8d8</textcolor>
		<focusedcolor>ff000000</focusedcolor>
		<selectedcolor>ffffffff</selectedcolor>
		<disabledcolor>DisabledColor</disabledcolor>
		<spinwidth>32</spinwidth>
		<spinheight>21</spinheight>
		<textureup>dialogs/SpinUpNF.png</textureup>
		<texturedown>dialogs/SpinDownNF.png</texturedown>
		<textureupfocus>dialogs/SpinUpFO.png</textureupfocus>
		<texturedownfocus>dialogs/SpinDownFO.png</texturedownfocus>
		<textureupdisabled>dialogs/SpinUpDisabled.png</textureupdisabled>
		<texturedowndisabled>dialogs/SpinDownDisabled.png</texturedowndisabled>
		<reverse>yes</reverse>
		<pulseonselect>false</pulseonselect>
	</default>
	<default type="sliderex">
		<height>66</height>
		<width>183</width>
		<align>left</align>
		<aligny>center</aligny>
		<font>Med22</font>
		<textcolor>ffd8d8d8</textcolor>
		<focusedcolor>ff000000</focusedcolor>
		<selectedcolor>ffffffff</selectedcolor>
		<disabledcolor>DisabledColor</disabledcolor>
		<texturefocus border="3">settings/button_focus.png</texturefocus>
		<texturenofocus border="3">settings/button_no_focus.png</texturenofocus>
		<sliderwidth>150</sliderwidth>
		<sliderheight>11</sliderheight>
		<texturesliderbar border="4">osd/progress_back.png</texturesliderbar>
		<textureslidernib border="4">osd/progress_cache.png</textureslidernib>
		<textureslidernibfocus border="4">osd/progress_bar.png</textureslidernibfocus>
		<pulseonselect>false</pulseonselect>
	</default>
	<default type="slider">
		<width>360</width>
		<height>23</height>
		<texturesliderbar border="4">osd/progress_back.png</texturesliderbar>
		<textureslidernib border="4">osd/progress_cache.png</textureslidernib>
		<textureslidernibfocus border="4">osd/progress_bar.png</textureslidernibfocus>
	</default>
	<default type="progress">
		<height>44</height>
		<texturebg border="4">osd/progress_back.png</texturebg>
		<lefttexture>-</lefttexture>
		<midtexture border="4">osd/progress_bar.png</midtexture>
		<righttexture>-</righttexture>
		<overlaytexture>-</overlaytexture>
	</default>
	<default type="textbox">
		<font>Reg27</font>
		<autoscroll delay="8000" repeat="12000" time="4000">True</autoscroll>
	</default>
	<default type="edit">
		<height>66</height>
		<align>left</align>
		<aligny>center</aligny>
		<font>Med22</font>
		<textcolor>ffd8d8d8</textcolor>
		<focusedcolor>ff000000</focusedcolor>
		<selectedcolor>ffffffff</selectedcolor>
		<disabledcolor>DisabledColor</disabledcolor>
		<invalidcolor>DisabledColor</invalidcolor>
		<texturefocus>-</texturefocus>
		<pulseonselect>no</pulseonselect>
		<hinttext>...</hinttext>
	</default>
</includes>