<?xml version="1.0" encoding="UTF-8"?>
<window type="dialog">
	<!-- addonsettings -->
	<defaultcontrol always="true">9000</defaultcontrol>
	<controls>
		<!-- Background -->
		<include>DialogBackgroundImage</include>
		<!-- Main group -->
		<control type="group">
			<include>DialogAnimation</include>
			<centerleft>50%</centerleft>
			<centertop>50%</centertop>
			<width>1740</width>
			<height>625</height>
			<control type="image">
				<width>1740</width>
				<height>625</height>
				<texture>dialogs/dsp_settings_back.png</texture>
			</control>
			<!-- Heading -->
			<control type="label">
				<left>40</left>
				<top>14</top>
				<height>30</height>
				<width>408</width>
				<aligny>center</aligny>
				<font>Bold30</font>
				<label>15020</label>
				<textcolor>ffdadada</textcolor>
			</control>
			<!-- Category list -->
			<control type="list" id="9000">
				<top>60</top>
				<width>422</width>
				<height>565</height>
				<onleft>noop</onleft>
				<onright condition="IntegerGreaterThan(Container(21).NumItems,0)">21</onright>
				<onright condition="!IntegerGreaterThan(Container(21).NumItems,0) + IntegerGreaterThan(Container(20).NumItems,0)">20</onright>
				<onright condition="!IntegerGreaterThan(Container(21).NumItems,0) + !IntegerGreaterThan(Container(20).NumItems,0)">9001</onright>
				<onup>noop</onup>
				<ondown>noop</ondown>
				<scrolltime>0</scrolltime>
				<orientation>vertical</orientation>
				<itemlayout height="113" width="422">
					<control type="image">
						<width>422</width>
						<height>113</height>
						<texture border="3">settings/button_no_focus.png</texture>
					</control>
					<control type="label">
						<width>422</width>
						<height>113</height>
						<font>Light32</font>
						<textwidth>422</textwidth>
						<textoffsetx>40</textoffsetx>
						<textcolor>ff505153</textcolor>
						<label>$INFO[ListItem.Label]</label>
					</control>
				</itemlayout>
				<focusedlayout width="422" height="113">
					<control type="image">
						<width>422</width>
						<height>113</height>
						<texture border="3">settings/button_focus.png</texture>
					</control>
					<control type="label">
						<width>422</width>
						<height>113</height>
						<font>Light32</font>
						<textwidth>422</textwidth>
						<textoffsetx>40</textoffsetx>
						<textcolor>ffffaf37</textcolor>
						<label>$INFO[ListItem.Label]</label>
						<visible>Control.HasFocus(9000)</visible>
					</control>
					<control type="label">
						<width>422</width>
						<height>113</height>
						<font>Light32</font>
						<textwidth>422</textwidth>
						<textoffsetx>40</textoffsetx>
						<textcolor>ffffffff</textcolor>
						<label>$INFO[ListItem.Label]</label>
						<visible>!Control.HasFocus(9000)</visible>
					</control>
				</focusedlayout>
				<content>
					<item id="91">
						<label>$LOCALIZE[15057]</label>
						<label2>$LOCALIZE[15114]</label2>
						<visible>true</visible>
						<onclick>noop</onclick>
						<property name="currentMode">InputResampling</property>
					</item>
					<item id="92">
						<label>$LOCALIZE[15058]</label>
						<label2>$LOCALIZE[15113]</label2>
						<visible>true</visible>
						<onclick>noop</onclick>
						<property name="currentMode">Preprocessing</property>
					</item>
					<item id="93">
						<label>$LOCALIZE[15059]</label>
						<label2>$LOCALIZE[15115]</label2>
						<visible>true</visible>
						<onclick>noop</onclick>
						<property name="currentMode">Masterprocessing</property>
					</item>
					<item id="94">
						<label>$LOCALIZE[15060]</label>
						<label2>$LOCALIZE[15117]</label2>
						<visible>true</visible>
						<onclick>noop</onclick>
						<property name="currentMode">Postprocessing</property>
					</item>
					<item id="95">
						<label>$LOCALIZE[15061]</label>
						<label2>$LOCALIZE[15116]</label2>
						<visible>true</visible>
						<onclick>noop</onclick>
						<property name="currentMode">OutputResampling</property>
					</item>
				</content>
			</control>			
			<!-- Active  -->
			<control type="group">
				<left>422</left>
				<width>958</width>
				<height>282</height>
				<!-- Heading -->
				<control type="label">
					<left>40</left>
					<top>16</top>
					<height>30</height>
					<width>878</width>
					<aligny>center</aligny>
					<font>Med30</font>
					<label>$LOCALIZE[15051]</label>
					<textcolor>ffdadada</textcolor>
				</control>
				<control type="label">
					<left>40</left>
					<top>16</top>
					<height>30</height>
					<width>878</width>
					<align>right</align>
					<textcolor>ff636364</textcolor>
					<label>[COLOR ffb2b2b2]$INFO[Container(21).CurrentItem][/COLOR] | $INFO[Container(21).NumItems]</label>
					<visible>Control.HasFocus(21)</visible>
				</control>
				<control type="label">
					<left>40</left>
					<top>16</top>
					<height>30</height>
					<width>878</width>
					<align>right</align>
					<textcolor>ff636364</textcolor>
					<label>$INFO[Container(21).NumItems]</label>
					<visible>!Control.HasFocus(21)</visible>
				</control>
				<!-- No active mode -->
				<control type="group">
					<top>60</top>
					<visible>!IntegerGreaterThan(Container(21).NumItems,0)</visible>
					<control type="image">
						<width>958</width>
						<height>84</height>
						<texture border="3">settings/button_no_focus.png</texture>
					</control>
					<control type="label">
						<width>958</width>
						<height>84</height>
						<font>Light32</font>
						<textwidth>878</textwidth>
						<textoffsetx>40</textoffsetx>
						<textcolor>ff505153</textcolor>
						<label>$LOCALIZE[31223]</label>
					</control>
				</control>
				<!-- active modes -->				
				<control type="list" id="21">
					<top>60</top>
					<width>958</width>
					<height>252</height>
					<onleft>9000</onleft>
					<onright>9001</onright>
					<onup>noop</onup>
					<ondown>20</ondown>
					<scrolltime>0</scrolltime>
					<pagecontrol>60</pagecontrol>		
					<itemlayout width="958" height="84">
						<control type="image">
							<width>958</width>
							<height>84</height>
							<texture border="3">settings/button_no_focus.png</texture>
						</control>
						<control type="label">
							<width>958</width>
							<height>84</height>
							<font>Light32</font>
							<textwidth>878</textwidth>
							<textoffsetx>40</textoffsetx>
							<textcolor>ff505153</textcolor>
							<label>$INFO[ListItem.Property(Number),,.  ]$INFO[ListItem.Property(AddonName),,: ]$INFO[ListItem.Property(Name)]</label>
						</control>
					</itemlayout>
					<focusedlayout width="958" height="84">
						<control type="group">
							<visible>!Control.HasFocus(21)</visible>
							<control type="image">
								<width>958</width>
								<height>84</height>
								<texture border="3">settings/button_no_focus.png</texture>
							</control>
							<control type="label">
								<width>958</width>
								<height>84</height>
								<font>Light32</font>
								<textwidth>878</textwidth>
								<textoffsetx>40</textoffsetx>
								<textcolor>ff505153</textcolor>
								<label>$INFO[ListItem.Property(Number),,.  ]$INFO[ListItem.Property(AddonName),,: ]$INFO[ListItem.Property(Name)]</label>
							</control>
						</control>
						<control type="group">
							<visible>Control.HasFocus(21)</visible>
							<control type="image">
								<width>958</width>
								<height>84</height>
								<texture border="3">settings/button_focus.png</texture>
							</control>
							<control type="label">
								<width>958</width>
								<height>84</height>
								<font>Light32</font>
								<textwidth>878</textwidth>
								<textoffsetx>40</textoffsetx>
								<textcolor>ffffaf37</textcolor>
								<label>$INFO[ListItem.Property(Number),,.  ]$INFO[ListItem.Property(AddonName),,: ]$INFO[ListItem.Property(Name)]</label>
							</control>
						</control>
					</focusedlayout>
				</control>
			</control>
			<!-- Available modes -->
			<control type="group">
				<top>313</top>
				<left>422</left>
				<width>958</width>
				<height>282</height>
				<!-- Heading -->
				<control type="label">
					<left>40</left>
					<top>15</top>
					<height>30</height>
					<width>878</width>
					<aligny>center</aligny>
					<font>Med30</font>
					<label>$LOCALIZE[15050]</label>
					<textcolor>ffdadada</textcolor>
				</control>
				<control type="label">
					<left>40</left>
					<top>15</top>
					<height>30</height>
					<width>878</width>
					<align>right</align>
					<textcolor>ff636364</textcolor>
					<label>[COLOR ffb2b2b2]$INFO[Container(20).CurrentItem][/COLOR] | $INFO[Container(20).NumItems]</label>
					<visible>Control.HasFocus(20)</visible>
				</control>
				<control type="label">
					<left>40</left>
					<top>15</top>
					<height>30</height>
					<width>878</width>
					<align>right</align>
					<textcolor>ff636364</textcolor>
					<label>$INFO[Container(20).NumItems]</label>
					<visible>!Control.HasFocus(20)</visible>
				</control>
				<!-- no available modes -->
				<control type="group">
					<top>60</top>
					<visible>!IntegerGreaterThan(Container(20).NumItems,0)</visible>
					<control type="image">
						<width>958</width>
						<height>84</height>
						<texture border="3">settings/button_no_focus.png</texture>
					</control>
					<control type="label">
						<width>958</width>
						<height>84</height>
						<font>Light32</font>
						<textwidth>878</textwidth>
						<textoffsetx>40</textoffsetx>
						<textcolor>ff505153</textcolor>
						<label>$LOCALIZE[31218]</label>
					</control>
				</control>
				<!-- available modes -->
				<control type="list" id="20">
					<top>60</top>
					<width>958</width>
					<height>252</height>
					<onleft>9000</onleft>
					<onright>9001</onright>
					<onup>21</onup>
					<ondown>noop</ondown>
					<scrolltime>0</scrolltime>
					<pagecontrol>60</pagecontrol>		
					<itemlayout width="958" height="84">
						<control type="image">
							<width>958</width>
							<height>84</height>
							<texture border="3">settings/button_no_focus.png</texture>
						</control>
						<control type="label">
							<width>958</width>
							<height>84</height>
							<font>Light32</font>
							<textwidth>878</textwidth>
							<textoffsetx>40</textoffsetx>
							<textcolor>ff505153</textcolor>
							<label>$INFO[ListItem.Property(Number),,.  ]$INFO[ListItem.Property(AddonName),,: ]$INFO[ListItem.Property(Name)]</label>
						</control>
					</itemlayout>
					<focusedlayout width="958" height="84">
						<control type="group">
							<visible>!Control.HasFocus(20)</visible>
							<control type="image">
								<width>958</width>
								<height>84</height>
								<texture border="3">settings/button_no_focus.png</texture>
							</control>
							<control type="label">
								<width>958</width>
								<height>84</height>
								<font>Light32</font>
								<textwidth>878</textwidth>
								<textoffsetx>40</textoffsetx>
								<textcolor>ff505153</textcolor>
								<label>$INFO[ListItem.Property(Number),,.  ]$INFO[ListItem.Property(AddonName),,: ]$INFO[ListItem.Property(Name)]</label>
							</control>
						</control>
						<control type="group">
							<visible>Control.HasFocus(20)</visible>
							<control type="image">
								<width>958</width>
								<height>84</height>
								<texture border="3">settings/button_focus.png</texture>
							</control>
							<control type="label">
								<width>958</width>
								<height>84</height>
								<font>Light32</font>
								<textwidth>878</textwidth>
								<textoffsetx>40</textoffsetx>
								<textcolor>ffffaf37</textcolor>
								<label>$INFO[ListItem.Property(Number),,.  ]$INFO[ListItem.Property(AddonName),,: ]$INFO[ListItem.Property(Name)]</label>
							</control>
						</control>
					</focusedlayout>
				</control>
			</control>
			<!-- Button grouplist -->
			<control id="9001" type="grouplist">
				<left>1404</left>
				<bottom>33</bottom>
				<width>311</width>
				<height>400</height>
				<onleft>21</onleft>
				<onright>noop</onright>
				<onup>noop</onup>
				<ondown>noop</ondown>
				<onback>2</onback>
				<itemgap>10</itemgap>
				<align>right</align>
				<!-- Clear Button -->
				<control id="24" type="button">
					<width>311</width>
					<height>76</height>
					<aligny>top</aligny>
					<font>Med24</font>
					<textoffsetx>23</textoffsetx>
					<textoffsety>27</textoffsety>
					<label>15066</label>
				</control>
				<!-- Direct Button -->
				<control id="22" type="radiobutton">
					<width>311</width>
					<height>76</height>
					<aligny>top</aligny>
					<font>Med24</font>
					<textoffsetx>23</textoffsetx>
					<textoffsety>27</textoffsety>
					<texturefocus border="8">dialogs/DialogButtonFO.png</texturefocus>
					<texturenofocus border="8">dialogs/DialogButtonNF.png</texturenofocus>
					<pulseonselect>false</pulseonselect>
					<radiowidth>94</radiowidth>
					<radioheight>40</radioheight>
					<radioposx>194</radioposx>
					<textureradioonfocus>settings/radio_on_focus.png</textureradioonfocus>
					<textureradioonnofocus>settings/radio_on_no_focus.png</textureradioonnofocus>
					<textureradioondisabled>settings/radio_on_disabled.png</textureradioondisabled>
					<textureradioofffocus>settings/radio_off_focus.png</textureradioofffocus>
					<textureradiooffnofocus>settings/radio_off_no_focus.png</textureradiooffnofocus>
					<textureradiooffdisabled>settings/radio_off_disabled.png</textureradiooffdisabled>
					<label>$LOCALIZE[31224]</label>
				</control>
				<!-- Apply Button -->
				<control id="23" type="button">
					<width>311</width>
					<height>76</height>
					<aligny>top</aligny>
					<font>Med24</font>
					<textoffsetx>23</textoffsetx>
					<textoffsety>27</textoffsety>
					<label>14070</label>
				</control>
			</control>
		</control>
	</controls>
</window>