<?xml version="1.0" encoding="UTF-8"?>
<window>
	<!-- virtualkeyboard -->
	<defaultcontrol always="true">300</defaultcontrol>
	<onunload>ClearProperty(DisableSuggestions,home)</onunload>
	<controls>
		<!-- Background -->
		<include>DialogBackgroundImage</include>
		<!-- Dialog group -->
		<control type="group">
			<top>-34</top>
			<width>1920</width>
			<height>740</height>
			<include>KeyboardAnimation</include>
			<!-- Background -->
			<control type="image">
				<centerleft>50%</centerleft>
				<width>980</width>
				<height>700</height>
				<texture border="32">dialogs/DialogMessageBackground.png</texture>
				<visible>!IsEmpty(Window(Home).Property(DisableSuggestions)) | !IntegerGreaterThan(Container(9091).NumItems,0)</visible>
			</control>
			<control type="image">
				<centerleft>50%</centerleft>
				<width>980</width>
				<height>1145</height>
				<texture border="32">dialogs/DialogMessageBackground.png</texture>
				<visible>IsEmpty(Window(Home).Property(DisableSuggestions)) + IntegerGreaterThan(Container(9091).NumItems,0)</visible>
			</control>
			<!-- Control group -->
			<control type="group">
				<top>48</top>
				<width>868</width>
				<centerleft>50%</centerleft>
				<!-- Icon -->
				<control type="image">
					<top>10</top>
					<width>111</width>
					<height>111</height>
					<texture border="4">dialogs/keyboard_search_icon.png</texture>
				</control>
				<!-- Heading -->
				<control type="label">
					<left>132</left>
					<top>21</top>
					<width>736</width>
					<height>54</height>
					<font>Light30</font>
					<textcolor>fff4f4f4</textcolor>
					<label>31523</label>
				</control>
				<control id="311" type="label">
					<left>132</left>
					<top>56</top>
					<width>736</width>
					<height>54</height>
					<font>Reg27</font>
					<textcolor>ff7f7f7f</textcolor>
					<label>16028</label>
				</control>
				<!-- auto completion -->
				<control type="list" id="9091">
					<visible>IsEmpty(Window(Home).Property(DisableSuggestions))</visible>
					<left>7</left>
					<top>607</top>
					<width>846</width>
					<height>432</height>
					<onup>312</onup>
					<content limit="9">plugin://plugin.program.autocompletion?info=autocomplete&amp;&amp;id=$INFO[Control.GetLabel(312).Index(1)]</content>
					<width>1068</width>
					<onup>312</onup>
					<ondown>noop</ondown>
					<onleft>300</onleft>
					<onright>300</onright>
					<onback>noop</onback>
					<orientation>vertical</orientation>
					<scrolltime tween="quadratic" easing="out">200</scrolltime>
					<itemlayout height="48" width="846">
						<control type="label">
							<width>846</width>
							<height>48</height>
							<font>Light39</font>
							<textcolor>ff808080</textcolor>
							<label>$INFO[ListItem.Label]</label>
						</control>
					</itemlayout>
					<focusedlayout height="48" width="846">
						<control type="label">
							<width>846</width>
							<height>48</height>
							<font>Light39</font>
							<textcolor>ffffc24b</textcolor>
							<label>$INFO[ListItem.Label]</label>
							<visible>Control.HasFocus(9091)</visible>
						</control>
						<control type="label">
							<width>846</width>
							<height>48</height>
							<font>Light39</font>
							<textcolor>ff808080</textcolor>
							<label>$INFO[ListItem.Label]</label>
							<visible>!Control.HasFocus(9091)</visible>
						</control>
					</focusedlayout>
				</control>
				<!-- Edit -->
				<control id="312" type="edit">
					<left>7</left>
					<top>545</top>
					<width>788</width>
					<height>48</height>
					<onup>4000</onup>
					<onright>300</onright>
					<ondown condition="IntegerGreaterThan(Container(9091).NumItems,0)">9091</ondown>
					<onclick>300</onclick>
					<font>Light39</font>
					<textcolor>ffdadada</textcolor>
					<focusedcolor>ffffc24b</focusedcolor>
					<hinttext>[COLOR ff414141]Joe Bloggs[/COLOR]</hinttext>
				</control>
				<!-- Edit Text line -->
				<control type="image">
					<top>515</top>
					<left>-25</left>
					<width>918</width>
					<height>2</height>
					<texture border="1">dialogs/KeyboardEditLine2.png</texture>
				</control>
				<!-- Keys -->
				<control type="group">
					<top>171</top>
					<!-- Control buttons left -->
					<control id="8000" type="grouplist">
						<left>760</left>
						<width>60</width>
						<height>500</height>
						<itemgap>36</itemgap>
						<onleft>8000</onleft>
						<onright>8000</onright>
						<orientation>vertical</orientation>
						<include name="KeyboardControlButtons">
							<param name="name">inputtype</param>
							<param name="ID">309</param>
						</include>
						<include name="KeyboardControlButtons">
							<param name="name">symbols</param>
							<param name="ID">304</param>
						</include>
						<include name="KeyboardControlButtons">
							<param name="name">shift</param>
							<param name="ID">302</param>
						</include>
						<include name="KeyboardControlButtons">
							<param name="name">space</param>
							<param name="ID">32</param>
						</include>
					</control>
					<!-- Control buttons right -->
					<control id="8001" type="grouplist">
						<left>820</left>
						<width>60</width>
						<height>500</height>
						<itemgap>36</itemgap>
						<onleft>8001</onleft>
						<onright>8001</onright>
						<orientation>vertical</orientation>
						<include name="KeyboardControlButtons">
							<param name="name">cancel</param>
							<param name="ID">301</param>
						</include>
						<include name="KeyboardControlButtons">
							<param name="name">ip</param>
							<param name="ID">307</param>
						</include>
						<include name="KeyboardControlButtons">
							<param name="name">capslock</param>
							<param name="ID">303</param>
						</include>
						<include name="KeyboardControlButtons">
							<param name="name">backspace</param>
							<param name="ID">8</param>
						</include>
					</control>
					<!-- Control buttons edit field -->
					<control id="6000" type="grouplist">
						<top>376</top>
						<width>868</width>
						<height>44</height>
						<itemgap>12</itemgap>
						<onup>8</onup>
						<ondown condition="IntegerGreaterThan(Container(9091).NumItems,0)">9091</ondown>
						<onleft>312</onleft>
						<align>right</align>
						<orientation>horizontal</orientation>
						<control id="300" type="button">
							<onup>8</onup>
							<ondown condition="IntegerGreaterThan(Container(9091).NumItems,0)">9091</ondown>
							<include name="BottomControlButtons">
								<param name="name">enter</param>
							</include>
						</control>
					</control>
					<!-- Rows -->
					<control type="group">
						<!-- First row -->
						<control id="1000" type="grouplist">
							<width>856</width>
							<height>48</height>
							<itemgap>12</itemgap>
							<onleft>noop</onleft>
							<onright>noop</onright>
							<align>left</align>
							<orientation>horizontal</orientation>
							<control id="100" type="button">
								<!-- (0,0) key button -->
								<ondown>120</ondown>
								<include>SmallKeyboardButtons</include>
							</control>
							<control id="101" type="button">
								<!-- (0,1) key button -->
								<ondown>121</ondown>
								<include>SmallKeyboardButtons</include>
							</control>
							<control id="102" type="button">
								<!-- (0,2) key button -->
								<ondown>122</ondown>
								<include>SmallKeyboardButtons</include>
							</control>
							<control id="103" type="button">
								<!-- (0,3) key button -->
								<ondown>123</ondown>
								<include>SmallKeyboardButtons</include>
							</control>
							<control id="104" type="button">
								<!-- (0,4) key button -->
								<ondown>124</ondown>
								<include>SmallKeyboardButtons</include>
							</control>
							<control id="105" type="button">
								<!-- (0,5) key button -->
								<ondown>125</ondown>
								<include>SmallKeyboardButtons</include>
							</control>
							<control id="106" type="button">
								<!-- (0,6) key button -->
								<ondown>126</ondown>
								<include>SmallKeyboardButtons</include>
							</control>
							<control id="107" type="button">
								<!-- (0,7) key button -->
								<ondown>127</ondown>
								<include>SmallKeyboardButtons</include>
							</control>
							<control id="108" type="button">
								<!-- (0,8) key button -->
								<ondown>128</ondown>
								<include>SmallKeyboardButtons</include>
							</control>
							<control id="109" type="button">
								<!-- (0,9) key button -->
								<ondown>129</ondown>
								<include>SmallKeyboardButtons</include>
							</control>
							<control id="110" type="button">
								<!-- (0,10) key button -->
								<ondown>130</ondown>
								<include>SmallKeyboardButtons</include>
							</control>
							<control id="111" type="button">
								<!-- (0,11) key button -->
								<ondown>131</ondown>
								<include>SmallKeyboardButtons</include>
							</control>
							<!-- input lang -->
							<control id="309" type="button">
								<ondown>304</ondown>
								<include>HiddenKeyboardButtons</include>
							</control>
							<!-- close -->
							<control id="301" type="button">
								<ondown>307</ondown>
								<include>HiddenKeyboardButtons</include>
							</control>
						</control>
						<!-- Second row -->
						<control id="2000" type="grouplist">
							<top>80</top>
							<width>856</width>
							<height>48</height>
							<itemgap>12</itemgap>
							<onleft>noop</onleft>
							<onright>noop</onright>
							<align>left</align>
							<orientation>horizontal</orientation>
							<control id="120" type="button">
								<!-- (1,0) key button -->
								<onup>100</onup>
								<ondown>140</ondown>
								<include>SmallKeyboardButtons</include>
							</control>
							<control id="121" type="button">
								<!-- (1,1) key button -->
								<onup>101</onup>
								<ondown>141</ondown>
								<include>SmallKeyboardButtons</include>
							</control>
							<control id="122" type="button">
								<!-- (1,2) key button -->
								<onup>102</onup>
								<ondown>142</ondown>
								<include>SmallKeyboardButtons</include>
							</control>
							<control id="123" type="button">
								<!-- (1,3) key button -->
								<onup>103</onup>
								<ondown>143</ondown>
								<include>SmallKeyboardButtons</include>
							</control>
							<control id="124" type="button">
								<!-- (1,4) key button -->
								<onup>104</onup>
								<ondown>144</ondown>
								<include>SmallKeyboardButtons</include>
							</control>
							<control id="125" type="button">
								<!-- (1,5) key button -->
								<onup>105</onup>
								<ondown>145</ondown>
								<include>SmallKeyboardButtons</include>
							</control>
							<control id="126" type="button">
								<!-- (1,6) key button -->
								<onup>106</onup>
								<ondown>146</ondown>
								<include>SmallKeyboardButtons</include>
							</control>
							<control id="127" type="button">
								<!-- (1,7) key button -->
								<onup>107</onup>
								<ondown>147</ondown>
								<include>SmallKeyboardButtons</include>
							</control>
							<control id="128" type="button">
								<!-- (1,8) key button -->
								<onup>108</onup>
								<ondown>148</ondown>
								<include>SmallKeyboardButtons</include>
							</control>
							<control id="129" type="button">
								<!-- (1,9) key button -->
								<onup>109</onup>
								<ondown>149</ondown>
								<include>SmallKeyboardButtons</include>
							</control>
							<control id="130" type="button">
								<!-- (1,10) key button -->
								<onup>110</onup>
								<ondown>150</ondown>
								<include>SmallKeyboardButtons</include>
							</control>
							<control id="131" type="button">
								<!-- (1,11) key button -->
								<onup>111</onup>
								<ondown>151</ondown>
								<include>SmallKeyboardButtons</include>
							</control>
							<!-- special chars -->
							<control id="304" type="button">
								<onup>309</onup>
								<ondown>302</ondown>
								<include>HiddenKeyboardButtons</include>
							</control>
							<!-- ip -->
							<control id="307" type="button">
								<onup>301</onup>
								<ondown>303</ondown>
								<include>HiddenKeyboardButtons</include>
							</control>
						</control>
						<!-- Third row -->
						<control id="3000" type="grouplist">
							<top>160</top>
							<width>856</width>
							<height>48</height>
							<itemgap>12</itemgap>
							<onleft>noop</onleft>
							<onright>noop</onright>
							<align>left</align>
							<orientation>horizontal</orientation>
							<control id="140" type="button">
								<!-- (2,0) key button -->
								<onup>120</onup>
								<ondown>160</ondown>
								<include>SmallKeyboardButtons</include>
							</control>
							<control id="141" type="button">
								<!-- (2,1) key button -->
								<onup>121</onup>
								<ondown>161</ondown>
								<include>SmallKeyboardButtons</include>
							</control>
							<control id="142" type="button">
								<!-- (2,2) key button -->
								<onup>122</onup>
								<ondown>162</ondown>
								<include>SmallKeyboardButtons</include>
							</control>
							<control id="143" type="button">
								<!-- (2,3) key button -->
								<onup>123</onup>
								<ondown>163</ondown>
								<include>SmallKeyboardButtons</include>
							</control>
							<control id="144" type="button">
								<!-- (2,4) key button -->
								<onup>124</onup>
								<ondown>164</ondown>
								<include>SmallKeyboardButtons</include>
							</control>
							<control id="145" type="button">
								<!-- (2,5) key button -->
								<onup>125</onup>
								<ondown>165</ondown>
								<include>SmallKeyboardButtons</include>
							</control>
							<control id="146" type="button">
								<!-- (2,6) key button -->
								<onup>126</onup>
								<ondown>166</ondown>
								<include>SmallKeyboardButtons</include>
							</control>
							<control id="147" type="button">
								<!-- (2,7) key button -->
								<onup>127</onup>
								<ondown>167</ondown>
								<include>SmallKeyboardButtons</include>
							</control>
							<control id="148" type="button">
								<!-- (2,8) key button -->
								<onup>128</onup>
								<ondown>168</ondown>
								<include>SmallKeyboardButtons</include>
							</control>
							<control id="149" type="button">
								<!-- (2,9) key button -->
								<onup>129</onup>
								<ondown>169</ondown>
								<include>SmallKeyboardButtons</include>
							</control>
							<control id="150" type="button">
								<!-- (2,10) key button -->
								<onup>130</onup>
								<ondown>170</ondown>
								<include>SmallKeyboardButtons</include>
							</control>
							<control id="151" type="button">
								<!-- (2,11) key button -->
								<onup>131</onup>
								<ondown>171</ondown>
								<include>SmallKeyboardButtons</include>
							</control>
							<!-- shift -->
							<control id="302" type="button">
								<onup>304</onup>
								<ondown>32</ondown>
								<include>HiddenKeyboardButtons</include>
							</control>
							<!-- capslock -->
							<control id="303" type="button">
								<onup>307</onup>
								<ondown>8</ondown>
								<include>HiddenKeyboardButtons</include>
							</control>
						</control>
						<!-- Forth row -->
						<control id="4000" type="grouplist">
							<top>240</top>
							<width>856</width>
							<height>48</height>
							<itemgap>12</itemgap>
							<onleft>noop</onleft>
							<onright>noop</onright>
							<ondown>312</ondown>
							<align>left</align>
							<orientation>horizontal</orientation>
							<control id="160" type="button">
								<!-- (3,0) key button -->
								<onup>140</onup>
								<include>SmallKeyboardButtons</include>
							</control>
							<control id="161" type="button">
								<!-- (3,1) key button -->
								<onup>141</onup>
								<include>SmallKeyboardButtons</include>
							</control>
							<control id="162" type="button">
								<!-- (3,2) key button -->
								<onup>142</onup>
								<include>SmallKeyboardButtons</include>
							</control>
							<control id="163" type="button">
								<!-- (3,3) key button -->
								<onup>143</onup>
								<include>SmallKeyboardButtons</include>
							</control>
							<control id="164" type="button">
								<!-- (3,4) key button -->
								<onup>144</onup>
								<include>SmallKeyboardButtons</include>
							</control>
							<control id="165" type="button">
								<!-- (3,5) key button -->
								<onup>145</onup>
								<include>SmallKeyboardButtons</include>
							</control>
							<control id="166" type="button">
								<!-- (3,6) key button -->
								<onup>146</onup>
								<include>SmallKeyboardButtons</include>
							</control>
							<control id="167" type="button">
								<!-- (3,7) key button -->
								<onup>147</onup>
								<include>SmallKeyboardButtons</include>
							</control>
							<control id="168" type="button">
								<!-- (3,8) key button -->
								<onup>148</onup>
								<include>SmallKeyboardButtons</include>
							</control>
							<control id="169" type="button">
								<!-- (3,9) key button -->
								<onup>149</onup>
								<include>SmallKeyboardButtons</include>
							</control>
							<control id="170" type="button">
								<!-- (3,10) key button -->
								<onup>150</onup>
								<include>SmallKeyboardButtons</include>
							</control>
							<control id="171" type="button">
								<!-- (3,11) key button -->
								<onup>151</onup>
								<include>SmallKeyboardButtons</include>
							</control>
							<!-- space -->
							<control id="32" type="button">
								<onup>302</onup>
								<ondown>300</ondown>
								<include>HiddenKeyboardButtons</include>
							</control>
							<!-- backspace -->
							<control id="8" type="button">
								<onup>303</onup>
								<ondown>300</ondown>
								<include>HiddenKeyboardButtons</include>
							</control>
						</control>
					</control>
				</control>
			</control>
		</control>
	</controls>
</window>