<?xml version="1.0" encoding="utf-8"?>
<window>
	<!-- home -->
	<backgroundcolor>0xff12161b</backgroundcolor>
	<defaultcontrol>90</defaultcontrol>
	<onload>ClearProperty(BounceRight,Home)</onload>
	<onload>RunScript(script.skinshortcuts,type=buildxml&amp;mainmenuID=99&amp;levels=0&amp;group=mainmenu|shutdown)</onload>
	<controls>
		<control type="group">
			<!-- Hidden control to load weather conditions -->
			<control type="label">
				<font>-</font>
				<label>$INFO[Weather.Conditions]</label>
			</control>
			<control type="image">
				<include>FullscreenDimensions</include>
				<aspectratio>scale</aspectratio>
				<texture>$INFO[Container(99).ListItem.Thumb]</texture>
				<include>VisibleFadeAnimation</include>
				<fadetime>200</fadetime>
				<visible>!IsEmpty(Container(99).ListItem.Thumb) + !StringCompare(Container(99).ListItem.Thumb,DefaultAddonNone.png)</visible>
			</control>
			<control type="image">
				<include>FullscreenDimensions</include>
				<texture>special://skin/extras/backgrounds/wp_overlay.png</texture>
			</control>
			<!-- Main list -->
			<control id="99" type="list">
				<left>84</left>
				<top>111</top>
				<width>284</width>
				<height>942</height>
				<onup>noop</onup>
				<onup>SetProperty(Movement,1)</onup>
				<ondown>noop</ondown>
				<ondown>ClearProperty(Movement)</ondown>
				<onleft>noop</onleft>
				<onfocus>ClearProperty(ForceViewType,home)</onfocus>
				<onfocus>ClearProperty(WidgetHasFocus,Home)</onfocus>
				<!-- workaround to move the focused row after startup -->
				<onfocus condition="System.HasAlarm(waitforpreload) + StringCompare(Container(1000).CurrentItem,2)">Control.Move(1000,-1)</onfocus>
				<onfocus condition="System.HasAlarm(waitforpreload) + StringCompare(Container(1000).CurrentItem,3)">Control.Move(1000,-2)</onfocus>
				<onfocus condition="System.HasAlarm(waitforpreload) + StringCompare(Container(1000).CurrentItem,4)">Control.Move(1000,-3)</onfocus>
				<onfocus condition="System.HasAlarm(waitforpreload) + StringCompare(Container(1000).CurrentItem,5)">Control.Move(1000,-4)</onfocus>
				<onfocus condition="System.HasAlarm(waitforpreload) + StringCompare(Container(1000).CurrentItem,6)">Control.Move(1000,-5)</onfocus>
				<onfocus condition="System.HasAlarm(waitforpreload) + StringCompare(Container(1000).CurrentItem,7)">Control.Move(1000,-6)</onfocus>
				<onfocus condition="System.HasAlarm(waitforpreload) + StringCompare(Container(1000).CurrentItem,8)">Control.Move(1000,-7)</onfocus>
				<onfocus condition="System.HasAlarm(waitforpreload) + StringCompare(Container(1000).CurrentItem,9)">Control.Move(1000,-8)</onfocus>
				<onfocus condition="System.HasAlarm(waitforpreload) + StringCompare(Container(2000).CurrentItem,2)">Control.Move(2000,-1)</onfocus>
				<onfocus condition="System.HasAlarm(waitforpreload) + StringCompare(Container(2000).CurrentItem,3)">Control.Move(2000,-2)</onfocus>
				<onfocus condition="System.HasAlarm(waitforpreload) + StringCompare(Container(2000).CurrentItem,4)">Control.Move(2000,-3)</onfocus>
				<onfocus condition="System.HasAlarm(waitforpreload) + StringCompare(Container(2000).CurrentItem,5)">Control.Move(2000,-4)</onfocus>
				<onfocus condition="System.HasAlarm(waitforpreload) + StringCompare(Container(2000).CurrentItem,6)">Control.Move(2000,-5)</onfocus>
				<onfocus condition="System.HasAlarm(waitforpreload) + StringCompare(Container(2000).CurrentItem,7)">Control.Move(2000,-6)</onfocus>
				<onfocus condition="System.HasAlarm(waitforpreload) + StringCompare(Container(2000).CurrentItem,8)">Control.Move(2000,-7)</onfocus>
				<onfocus condition="System.HasAlarm(waitforpreload) + StringCompare(Container(2000).CurrentItem,9)">Control.Move(2000,-8)</onfocus>
				<onfocus condition="System.HasAlarm(waitforpreload) + StringCompare(Container(3000).CurrentItem,2)">Control.Move(3000,-1)</onfocus>
				<onfocus condition="System.HasAlarm(waitforpreload) + StringCompare(Container(3000).CurrentItem,3)">Control.Move(3000,-2)</onfocus>
				<onfocus condition="System.HasAlarm(waitforpreload) + StringCompare(Container(3000).CurrentItem,4)">Control.Move(3000,-3)</onfocus>
				<onfocus condition="System.HasAlarm(waitforpreload) + StringCompare(Container(3000).CurrentItem,5)">Control.Move(3000,-4)</onfocus>
				<onfocus condition="System.HasAlarm(waitforpreload) + StringCompare(Container(3000).CurrentItem,6)">Control.Move(3000,-5)</onfocus>
				<onfocus condition="System.HasAlarm(waitforpreload) + StringCompare(Container(3000).CurrentItem,7)">Control.Move(3000,-6)</onfocus>
				<onfocus condition="System.HasAlarm(waitforpreload) + StringCompare(Container(3000).CurrentItem,8)">Control.Move(3000,-7)</onfocus>
				<onfocus condition="System.HasAlarm(waitforpreload) + StringCompare(Container(3000).CurrentItem,9)">Control.Move(3000,-8)</onfocus>
				<onfocus condition="System.HasAlarm(waitforpreload) + StringCompare(Container(4000).CurrentItem,2)">Control.Move(4000,-1)</onfocus>
				<onfocus condition="System.HasAlarm(waitforpreload) + StringCompare(Container(4000).CurrentItem,3)">Control.Move(4000,-2)</onfocus>
				<onfocus condition="System.HasAlarm(waitforpreload) + StringCompare(Container(4000).CurrentItem,4)">Control.Move(4000,-3)</onfocus>
				<onfocus condition="System.HasAlarm(waitforpreload) + StringCompare(Container(4000).CurrentItem,5)">Control.Move(4000,-4)</onfocus>
				<onfocus condition="System.HasAlarm(waitforpreload) + StringCompare(Container(4000).CurrentItem,6)">Control.Move(4000,-5)</onfocus>
				<onfocus condition="System.HasAlarm(waitforpreload) + StringCompare(Container(4000).CurrentItem,7)">Control.Move(4000,-6)</onfocus>
				<onfocus condition="System.HasAlarm(waitforpreload) + StringCompare(Container(4000).CurrentItem,8)">Control.Move(4000,-7)</onfocus>
				<onfocus condition="System.HasAlarm(waitforpreload) + StringCompare(Container(4000).CurrentItem,9)">Control.Move(4000,-8)</onfocus>
				<onfocus condition="System.HasAlarm(waitforpreload) + StringCompare(Container(5000).CurrentItem,2)">Control.Move(5000,-1)</onfocus>
				<onfocus condition="System.HasAlarm(waitforpreload) + StringCompare(Container(5000).CurrentItem,3)">Control.Move(5000,-2)</onfocus>
				<onfocus condition="System.HasAlarm(waitforpreload) + StringCompare(Container(5000).CurrentItem,4)">Control.Move(5000,-3)</onfocus>
				<onfocus condition="System.HasAlarm(waitforpreload) + StringCompare(Container(5000).CurrentItem,5)">Control.Move(5000,-4)</onfocus>
				<onfocus condition="System.HasAlarm(waitforpreload) + StringCompare(Container(5000).CurrentItem,6)">Control.Move(5000,-5)</onfocus>
				<onfocus condition="System.HasAlarm(waitforpreload) + StringCompare(Container(5000).CurrentItem,7)">Control.Move(5000,-6)</onfocus>
				<onfocus condition="System.HasAlarm(waitforpreload) + StringCompare(Container(5000).CurrentItem,8)">Control.Move(5000,-7)</onfocus>
				<onfocus condition="System.HasAlarm(waitforpreload) + StringCompare(Container(5000).CurrentItem,9)">Control.Move(5000,-8)</onfocus>
				<onfocus condition="System.HasAlarm(waitforpreload) + StringCompare(Container(6000).CurrentItem,2)">Control.Move(6000,-1)</onfocus>
				<onfocus condition="System.HasAlarm(waitforpreload) + StringCompare(Container(6000).CurrentItem,3)">Control.Move(6000,-2)</onfocus>
				<onfocus condition="System.HasAlarm(waitforpreload) + StringCompare(Container(6000).CurrentItem,4)">Control.Move(6000,-3)</onfocus>
				<onfocus condition="System.HasAlarm(waitforpreload) + StringCompare(Container(6000).CurrentItem,5)">Control.Move(6000,-4)</onfocus>
				<onfocus condition="System.HasAlarm(waitforpreload) + StringCompare(Container(6000).CurrentItem,6)">Control.Move(6000,-5)</onfocus>
				<onfocus condition="System.HasAlarm(waitforpreload) + StringCompare(Container(6000).CurrentItem,7)">Control.Move(6000,-6)</onfocus>
				<onfocus condition="System.HasAlarm(waitforpreload) + StringCompare(Container(6000).CurrentItem,8)">Control.Move(6000,-7)</onfocus>
				<onfocus condition="System.HasAlarm(waitforpreload) + StringCompare(Container(6000).CurrentItem,9)">Control.Move(6000,-8)</onfocus>
				<onfocus condition="System.HasAlarm(waitforpreload) + StringCompare(Container(7000).CurrentItem,2)">Control.Move(7000,-1)</onfocus>
				<onfocus condition="System.HasAlarm(waitforpreload) + StringCompare(Container(7000).CurrentItem,3)">Control.Move(7000,-2)</onfocus>
				<onfocus condition="System.HasAlarm(waitforpreload) + StringCompare(Container(7000).CurrentItem,4)">Control.Move(7000,-3)</onfocus>
				<onfocus condition="System.HasAlarm(waitforpreload) + StringCompare(Container(7000).CurrentItem,5)">Control.Move(7000,-4)</onfocus>
				<onfocus condition="System.HasAlarm(waitforpreload) + StringCompare(Container(7000).CurrentItem,6)">Control.Move(7000,-5)</onfocus>
				<onfocus condition="System.HasAlarm(waitforpreload) + StringCompare(Container(7000).CurrentItem,7)">Control.Move(7000,-6)</onfocus>
				<onfocus condition="System.HasAlarm(waitforpreload) + StringCompare(Container(7000).CurrentItem,8)">Control.Move(7000,-7)</onfocus>
				<onfocus condition="System.HasAlarm(waitforpreload) + StringCompare(Container(7000).CurrentItem,9)">Control.Move(7000,-8)</onfocus>
				<onfocus condition="System.HasAlarm(waitforpreload) + StringCompare(Container(8000).CurrentItem,2)">Control.Move(8000,-1)</onfocus>
				<onfocus condition="System.HasAlarm(waitforpreload) + StringCompare(Container(8000).CurrentItem,3)">Control.Move(8000,-2)</onfocus>
				<onfocus condition="System.HasAlarm(waitforpreload) + StringCompare(Container(8000).CurrentItem,4)">Control.Move(8000,-3)</onfocus>
				<onfocus condition="System.HasAlarm(waitforpreload) + StringCompare(Container(8000).CurrentItem,5)">Control.Move(8000,-4)</onfocus>
				<onfocus condition="System.HasAlarm(waitforpreload) + StringCompare(Container(8000).CurrentItem,6)">Control.Move(8000,-5)</onfocus>
				<onfocus condition="System.HasAlarm(waitforpreload) + StringCompare(Container(8000).CurrentItem,7)">Control.Move(8000,-6)</onfocus>
				<onfocus condition="System.HasAlarm(waitforpreload) + StringCompare(Container(8000).CurrentItem,8)">Control.Move(8000,-7)</onfocus>
				<onfocus condition="System.HasAlarm(waitforpreload) + StringCompare(Container(8000).CurrentItem,9)">Control.Move(8000,-8)</onfocus>
				<onfocus condition="System.HasAlarm(waitforpreload) + StringCompare(Container(9000).CurrentItem,2)">Control.Move(9000,-1)</onfocus>
				<onfocus condition="System.HasAlarm(waitforpreload) + StringCompare(Container(9000).CurrentItem,3)">Control.Move(9000,-2)</onfocus>
				<onfocus condition="System.HasAlarm(waitforpreload) + StringCompare(Container(9000).CurrentItem,4)">Control.Move(9000,-3)</onfocus>
				<onfocus condition="System.HasAlarm(waitforpreload) + StringCompare(Container(9000).CurrentItem,5)">Control.Move(9000,-4)</onfocus>
				<onfocus condition="System.HasAlarm(waitforpreload) + StringCompare(Container(9000).CurrentItem,6)">Control.Move(9000,-5)</onfocus>
				<onfocus condition="System.HasAlarm(waitforpreload) + StringCompare(Container(9000).CurrentItem,7)">Control.Move(9000,-6)</onfocus>
				<onfocus condition="System.HasAlarm(waitforpreload) + StringCompare(Container(9000).CurrentItem,8)">Control.Move(9000,-7)</onfocus>
				<onfocus condition="System.HasAlarm(waitforpreload) + StringCompare(Container(9000).CurrentItem,9)">Control.Move(9000,-8)</onfocus>
				<onfocus condition="System.HasAlarm(waitforpreload) + StringCompare(Container(10000).CurrentItem,2)">Control.Move(10000,-1)</onfocus>
				<onfocus condition="System.HasAlarm(waitforpreload) + StringCompare(Container(10000).CurrentItem,3)">Control.Move(10000,-2)</onfocus>
				<onfocus condition="System.HasAlarm(waitforpreload) + StringCompare(Container(10000).CurrentItem,4)">Control.Move(10000,-3)</onfocus>
				<onfocus condition="System.HasAlarm(waitforpreload) + StringCompare(Container(10000).CurrentItem,5)">Control.Move(10000,-4)</onfocus>
				<onfocus condition="System.HasAlarm(waitforpreload) + StringCompare(Container(10000).CurrentItem,6)">Control.Move(10000,-5)</onfocus>
				<onfocus condition="System.HasAlarm(waitforpreload) + StringCompare(Container(10000).CurrentItem,7)">Control.Move(10000,-6)</onfocus>
				<onfocus condition="System.HasAlarm(waitforpreload) + StringCompare(Container(10000).CurrentItem,8)">Control.Move(10000,-7)</onfocus>
				<onfocus condition="System.HasAlarm(waitforpreload) + StringCompare(Container(10000).CurrentItem,9)">Control.Move(10000,-8)</onfocus>
				<onfocus condition="System.HasAlarm(waitforpreload) + StringCompare(Container(11000).CurrentItem,2)">Control.Move(11000,-1)</onfocus>
				<onfocus condition="System.HasAlarm(waitforpreload) + StringCompare(Container(11000).CurrentItem,3)">Control.Move(11000,-2)</onfocus>
				<onfocus condition="System.HasAlarm(waitforpreload) + StringCompare(Container(11000).CurrentItem,4)">Control.Move(11000,-3)</onfocus>
				<onfocus condition="System.HasAlarm(waitforpreload) + StringCompare(Container(11000).CurrentItem,5)">Control.Move(11000,-4)</onfocus>
				<onfocus condition="System.HasAlarm(waitforpreload) + StringCompare(Container(11000).CurrentItem,6)">Control.Move(11000,-5)</onfocus>
				<onfocus condition="System.HasAlarm(waitforpreload) + StringCompare(Container(11000).CurrentItem,7)">Control.Move(11000,-6)</onfocus>
				<onfocus condition="System.HasAlarm(waitforpreload) + StringCompare(Container(11000).CurrentItem,8)">Control.Move(11000,-7)</onfocus>
				<onfocus condition="System.HasAlarm(waitforpreload) + StringCompare(Container(11000).CurrentItem,9)">Control.Move(11000,-8)</onfocus>
				<onfocus condition="System.HasAlarm(waitforpreload) + StringCompare(Container(12000).CurrentItem,2)">Control.Move(12000,-1)</onfocus>
				<onfocus condition="System.HasAlarm(waitforpreload) + StringCompare(Container(12000).CurrentItem,3)">Control.Move(12000,-2)</onfocus>
				<onfocus condition="System.HasAlarm(waitforpreload) + StringCompare(Container(12000).CurrentItem,4)">Control.Move(12000,-3)</onfocus>
				<onfocus condition="System.HasAlarm(waitforpreload) + StringCompare(Container(12000).CurrentItem,5)">Control.Move(12000,-4)</onfocus>
				<onfocus condition="System.HasAlarm(waitforpreload) + StringCompare(Container(12000).CurrentItem,6)">Control.Move(12000,-5)</onfocus>
				<onfocus condition="System.HasAlarm(waitforpreload) + StringCompare(Container(12000).CurrentItem,7)">Control.Move(12000,-6)</onfocus>
				<onfocus condition="System.HasAlarm(waitforpreload) + StringCompare(Container(12000).CurrentItem,8)">Control.Move(12000,-7)</onfocus>
				<onfocus condition="System.HasAlarm(waitforpreload) + StringCompare(Container(12000).CurrentItem,9)">Control.Move(12000,-8)</onfocus>
				<!--on right-->
				<onright>ClearProperty(MainMenuFocus,home)</onright>
				<onright condition="SubString(Container(99).ListItem.Property(ftvWidget),widget)">SetProperty(WidgetHasFocus,1,Home)</onright>				
				<!-- #1 -->
				<onright condition="StringCompare(Container(99).ListItem.Property(ftvWidget),widget1) + IntegerGreaterThan(Container(1009).NumItems,0) + StringCompare(Container(1000).CurrentItem,1) + !IsEmpty(Skin.String(1000-WidgetAd))">Control.Move(1000,1)</onright>
				<onright condition="StringCompare(Container(99).ListItem.Property(ftvWidget),widget1) + IntegerGreaterThan(Container(1000).NumItems,1)">SetFocus(1000)</onright>
				<onright condition="StringCompare(Container(99).ListItem.Property(ftvWidget),widget1) + !IntegerGreaterThan(Container(1000).NumItems,1) + StringCompare(Container(1000).ListItem.Property(WidgetStyle),$LOCALIZE[31159])">SetProperty(ForceViewType,wide,Home)</onright>
				<onright condition="StringCompare(Container(99).ListItem.Property(ftvWidget),widget1) + !IntegerGreaterThan(Container(1000).NumItems,1) + StringCompare(Container(1000).ListItem.Property(WidgetStyle),$LOCALIZE[31160])">SetProperty(ForceViewType,poster,Home)</onright>
				<onright condition="StringCompare(Container(99).ListItem.Property(ftvWidget),widget1) + !IntegerGreaterThan(Container(1000).NumItems,1)">$INFO[Skin.String(1000-WidgetAction-1)]</onright>
				<!-- #2 -->
				<onright condition="StringCompare(Container(99).ListItem.Property(ftvWidget),widget2) + IntegerGreaterThan(Container(2009).NumItems,0) + StringCompare(Container(2000).CurrentItem,1) + !IsEmpty(Skin.String(2000-WidgetAd))">Control.Move(2000,1)</onright>
				<onright condition="StringCompare(Container(99).ListItem.Property(ftvWidget),widget2) + IntegerGreaterThan(Container(2000).NumItems,1)">SetFocus(2000)</onright>
				<onright condition="StringCompare(Container(99).ListItem.Property(ftvWidget),widget2) + !IntegerGreaterThan(Container(2000).NumItems,1) + StringCompare(Container(2000).ListItem.Property(WidgetStyle),$LOCALIZE[31159])">SetProperty(ForceViewType,wide,Home)</onright>
				<onright condition="StringCompare(Container(99).ListItem.Property(ftvWidget),widget2) + !IntegerGreaterThan(Container(2000).NumItems,1) + StringCompare(Container(2000).ListItem.Property(WidgetStyle),$LOCALIZE[31160])">SetProperty(ForceViewType,poster,Home)</onright>
				<onright condition="StringCompare(Container(99).ListItem.Property(ftvWidget),widget2) + !IntegerGreaterThan(Container(2000).NumItems,1)">$INFO[Skin.String(2000-WidgetAction-1)]</onright>
				<!-- #3 -->
				<onright condition="StringCompare(Container(99).ListItem.Property(ftvWidget),widget3) + IntegerGreaterThan(Container(3009).NumItems,0) + StringCompare(Container(3000).CurrentItem,1) + !IsEmpty(Skin.String(3000-WidgetAd))">Control.Move(3000,1)</onright>
				<onright condition="StringCompare(Container(99).ListItem.Property(ftvWidget),widget3) + IntegerGreaterThan(Container(3000).NumItems,1)">SetFocus(3000)</onright>
				<onright condition="StringCompare(Container(99).ListItem.Property(ftvWidget),widget3) + !IntegerGreaterThan(Container(3000).NumItems,1) + StringCompare(Container(3000).ListItem.Property(WidgetStyle),$LOCALIZE[31159])">SetProperty(ForceViewType,wide,Home)</onright>
				<onright condition="StringCompare(Container(99).ListItem.Property(ftvWidget),widget3) + !IntegerGreaterThan(Container(3000).NumItems,1) + StringCompare(Container(3000).ListItem.Property(WidgetStyle),$LOCALIZE[31160])">SetProperty(ForceViewType,poster,Home)</onright>
				<onright condition="StringCompare(Container(99).ListItem.Property(ftvWidget),widget3) + !IntegerGreaterThan(Container(3000).NumItems,1)">$INFO[Skin.String(3000-WidgetAction-1)]</onright>
				<!-- #4 -->
				<onright condition="StringCompare(Container(99).ListItem.Property(ftvWidget),widget4) + IntegerGreaterThan(Container(4009).NumItems,0) + StringCompare(Container(4000).CurrentItem,1) + !IsEmpty(Skin.String(4000-WidgetAd))">Control.Move(4000,1)</onright>
				<onright condition="StringCompare(Container(99).ListItem.Property(ftvWidget),widget4) + IntegerGreaterThan(Container(4000).NumItems,1)">SetFocus(4000)</onright>
				<onright condition="StringCompare(Container(99).ListItem.Property(ftvWidget),widget4) + !IntegerGreaterThan(Container(4000).NumItems,1) + StringCompare(Container(4000).ListItem.Property(WidgetStyle),$LOCALIZE[31159])">SetProperty(ForceViewType,wide,Home)</onright>
				<onright condition="StringCompare(Container(99).ListItem.Property(ftvWidget),widget4) + !IntegerGreaterThan(Container(4000).NumItems,1) + StringCompare(Container(4000).ListItem.Property(WidgetStyle),$LOCALIZE[31160])">SetProperty(ForceViewType,poster,Home)</onright>
				<onright condition="StringCompare(Container(99).ListItem.Property(ftvWidget),widget4) + !IntegerGreaterThan(Container(4000).NumItems,1)">$INFO[Skin.String(4000-WidgetAction-1)]</onright>
				<!-- #5 -->
				<onright condition="StringCompare(Container(99).ListItem.Property(ftvWidget),widget5) + IntegerGreaterThan(Container(5009).NumItems,0) + StringCompare(Container(5000).CurrentItem,1) + !IsEmpty(Skin.String(5000-WidgetAd))">Control.Move(5000,1)</onright>
				<onright condition="StringCompare(Container(99).ListItem.Property(ftvWidget),widget5) + IntegerGreaterThan(Container(5000).NumItems,1)">SetFocus(5000)</onright>
				<onright condition="StringCompare(Container(99).ListItem.Property(ftvWidget),widget5) + !IntegerGreaterThan(Container(5000).NumItems,1) + StringCompare(Container(5000).ListItem.Property(WidgetStyle),$LOCALIZE[31159])">SetProperty(ForceViewType,wide,Home)</onright>
				<onright condition="StringCompare(Container(99).ListItem.Property(ftvWidget),widget5) + !IntegerGreaterThan(Container(5000).NumItems,1) + StringCompare(Container(5000).ListItem.Property(WidgetStyle),$LOCALIZE[31160])">SetProperty(ForceViewType,poster,Home)</onright>
				<onright condition="StringCompare(Container(99).ListItem.Property(ftvWidget),widget5) + !IntegerGreaterThan(Container(5000).NumItems,1)">$INFO[Skin.String(5000-WidgetAction-1)]</onright>
				<!-- #6 -->
				<onright condition="StringCompare(Container(99).ListItem.Property(ftvWidget),widget6) + IntegerGreaterThan(Container(6009).NumItems,0) + StringCompare(Container(6000).CurrentItem,1) + !IsEmpty(Skin.String(6000-WidgetAd))">Control.Move(6000,1)</onright>
				<onright condition="StringCompare(Container(99).ListItem.Property(ftvWidget),widget6) + IntegerGreaterThan(Container(6000).NumItems,1)">SetFocus(6000)</onright>
				<onright condition="StringCompare(Container(99).ListItem.Property(ftvWidget),widget6) + !IntegerGreaterThan(Container(6000).NumItems,1) + StringCompare(Container(6000).ListItem.Property(WidgetStyle),$LOCALIZE[31159])">SetProperty(ForceViewType,wide,Home)</onright>
				<onright condition="StringCompare(Container(99).ListItem.Property(ftvWidget),widget6) + !IntegerGreaterThan(Container(6000).NumItems,1) + StringCompare(Container(6000).ListItem.Property(WidgetStyle),$LOCALIZE[31160])">SetProperty(ForceViewType,poster,Home)</onright>
				<onright condition="StringCompare(Container(99).ListItem.Property(ftvWidget),widget6) + !IntegerGreaterThan(Container(6000).NumItems,1)">$INFO[Skin.String(6000-WidgetAction-1)]</onright>
				<!-- #7 -->
				<onright condition="StringCompare(Container(99).ListItem.Property(ftvWidget),widget7) + IntegerGreaterThan(Container(7009).NumItems,0) + StringCompare(Container(7000).CurrentItem,1) + !IsEmpty(Skin.String(7000-WidgetAd))">Control.Move(7000,1)</onright>
				<onright condition="StringCompare(Container(99).ListItem.Property(ftvWidget),widget7) + IntegerGreaterThan(Container(7000).NumItems,1)">SetFocus(7000)</onright>
				<onright condition="StringCompare(Container(99).ListItem.Property(ftvWidget),widget7) + !IntegerGreaterThan(Container(7000).NumItems,1) + StringCompare(Container(7000).ListItem.Property(WidgetStyle),$LOCALIZE[31159])">SetProperty(ForceViewType,wide,Home)</onright>
				<onright condition="StringCompare(Container(99).ListItem.Property(ftvWidget),widget7) + !IntegerGreaterThan(Container(7000).NumItems,1) + StringCompare(Container(7000).ListItem.Property(WidgetStyle),$LOCALIZE[31160])">SetProperty(ForceViewType,poster,Home)</onright>
				<onright condition="StringCompare(Container(99).ListItem.Property(ftvWidget),widget7) + !IntegerGreaterThan(Container(7000).NumItems,1)">$INFO[Skin.String(7000-WidgetAction-1)]</onright>
				<!-- #8 -->
				<onright condition="StringCompare(Container(99).ListItem.Property(ftvWidget),widget8) + IntegerGreaterThan(Container(8009).NumItems,0) + StringCompare(Container(8000).CurrentItem,1) + !IsEmpty(Skin.String(8000-WidgetAd))">Control.Move(8000,1)</onright>
				<onright condition="StringCompare(Container(99).ListItem.Property(ftvWidget),widget8) + IntegerGreaterThan(Container(8000).NumItems,1)">SetFocus(8000)</onright>
				<onright condition="StringCompare(Container(99).ListItem.Property(ftvWidget),widget8) + !IntegerGreaterThan(Container(8000).NumItems,1) + StringCompare(Container(8000).ListItem.Property(WidgetStyle),$LOCALIZE[31159])">SetProperty(ForceViewType,wide,Home)</onright>
				<onright condition="StringCompare(Container(99).ListItem.Property(ftvWidget),widget8) + !IntegerGreaterThan(Container(8000).NumItems,1) + StringCompare(Container(8000).ListItem.Property(WidgetStyle),$LOCALIZE[31160])">SetProperty(ForceViewType,poster,Home)</onright>
				<onright condition="StringCompare(Container(99).ListItem.Property(ftvWidget),widget8) + !IntegerGreaterThan(Container(8000).NumItems,1)">$INFO[Skin.String(8000-WidgetAction-1)]</onright>
				<!-- #9 -->
				<onright condition="StringCompare(Container(99).ListItem.Property(ftvWidget),widget9) + IntegerGreaterThan(Container(9009).NumItems,0) + StringCompare(Container(9000).CurrentItem,1) + !IsEmpty(Skin.String(9000-WidgetAd))">Control.Move(9000,1)</onright>
				<onright condition="StringCompare(Container(99).ListItem.Property(ftvWidget),widget9) + IntegerGreaterThan(Container(9000).NumItems,1)">SetFocus(9000)</onright>
				<onright condition="StringCompare(Container(99).ListItem.Property(ftvWidget),widget9) + !IntegerGreaterThan(Container(9000).NumItems,1) + StringCompare(Container(9000).ListItem.Property(WidgetStyle),$LOCALIZE[31159])">SetProperty(ForceViewType,wide,Home)</onright>
				<onright condition="StringCompare(Container(99).ListItem.Property(ftvWidget),widget9) + !IntegerGreaterThan(Container(9000).NumItems,1) + StringCompare(Container(9000).ListItem.Property(WidgetStyle),$LOCALIZE[31160])">SetProperty(ForceViewType,poster,Home)</onright>
				<onright condition="StringCompare(Container(99).ListItem.Property(ftvWidget),widget9) + !IntegerGreaterThan(Container(9000).NumItems,1)">$INFO[Skin.String(9000-WidgetAction-1)]</onright>
				<!-- #10 -->
				<onright condition="StringCompare(Container(99).ListItem.Property(ftvWidget),widget10) + IntegerGreaterThan(Container(10009).NumItems,0) + StringCompare(Container(10000).CurrentItem,1) + !IsEmpty(Skin.String(10000-WidgetAd))">Control.Move(10000,1)</onright>
				<onright condition="StringCompare(Container(99).ListItem.Property(ftvWidget),widget10) + IntegerGreaterThan(Container(10000).NumItems,1)">SetFocus(10000)</onright>
				<onright condition="StringCompare(Container(99).ListItem.Property(ftvWidget),widget10) + !IntegerGreaterThan(Container(10000).NumItems,1) + StringCompare(Container(10000).ListItem.Property(WidgetStyle),$LOCALIZE[31159])">SetProperty(ForceViewType,wide,Home)</onright>
				<onright condition="StringCompare(Container(99).ListItem.Property(ftvWidget),widget10) + !IntegerGreaterThan(Container(10000).NumItems,1) + StringCompare(Container(10000).ListItem.Property(WidgetStyle),$LOCALIZE[31160])">SetProperty(ForceViewType,poster,Home)</onright>
				<onright condition="StringCompare(Container(99).ListItem.Property(ftvWidget),widget10) + !IntegerGreaterThan(Container(10000).NumItems,1)">$INFO[Skin.String(10000-WidgetAction-1)]</onright>
				<!-- #11 -->
				<onright condition="StringCompare(Container(99).ListItem.Property(ftvWidget),widget11) + IntegerGreaterThan(Container(11009).NumItems,0) + StringCompare(Container(11000).CurrentItem,1) + !IsEmpty(Skin.String(11000-WidgetAd))">Control.Move(11000,1)</onright>
				<onright condition="StringCompare(Container(99).ListItem.Property(ftvWidget),widget11) + IntegerGreaterThan(Container(11000).NumItems,1)">SetFocus(11000)</onright>
				<onright condition="StringCompare(Container(99).ListItem.Property(ftvWidget),widget11) + !IntegerGreaterThan(Container(11000).NumItems,1) + StringCompare(Container(11000).ListItem.Property(WidgetStyle),$LOCALIZE[31159])">SetProperty(ForceViewType,wide,Home)</onright>
				<onright condition="StringCompare(Container(99).ListItem.Property(ftvWidget),widget11) + !IntegerGreaterThan(Container(11000).NumItems,1) + StringCompare(Container(11000).ListItem.Property(WidgetStyle),$LOCALIZE[31160])">SetProperty(ForceViewType,poster,Home)</onright>
				<onright condition="StringCompare(Container(99).ListItem.Property(ftvWidget),widget11) + !IntegerGreaterThan(Container(11000).NumItems,1)">$INFO[Skin.String(11000-WidgetAction-1)]</onright>
				<!-- #12 -->
				<onright condition="StringCompare(Container(99).ListItem.Property(ftvWidget),widget12) + IntegerGreaterThan(Container(12009).NumItems,0) + StringCompare(Container(12000).CurrentItem,1) + !IsEmpty(Skin.String(12000-WidgetAd))">Control.Move(12000,1)</onright>
				<onright condition="StringCompare(Container(99).ListItem.Property(ftvWidget),widget12) + IntegerGreaterThan(Container(12000).NumItems,1)">SetFocus(12000)</onright>
				<onright condition="StringCompare(Container(99).ListItem.Property(ftvWidget),widget12) + !IntegerGreaterThan(Container(12000).NumItems,1) + StringCompare(Container(12000).ListItem.Property(WidgetStyle),$LOCALIZE[31159])">SetProperty(ForceViewType,wide,Home)</onright>
				<onright condition="StringCompare(Container(99).ListItem.Property(ftvWidget),widget12) + !IntegerGreaterThan(Container(12000).NumItems,1) + StringCompare(Container(12000).ListItem.Property(WidgetStyle),$LOCALIZE[31160])">SetProperty(ForceViewType,poster,Home)</onright>
				<onright condition="StringCompare(Container(99).ListItem.Property(ftvWidget),widget12) + !IntegerGreaterThan(Container(12000).NumItems,1)">$INFO[Skin.String(12000-WidgetAction-1)]</onright>
				<!-- Other -->
				<onright condition="StringCompare(Container(99).ListItem.Property(ftvWidget),livetv) + IntegerGreaterThan(Container(301).NumItems,0)">ActivateWindow(1106)</onright>
				<onright condition="StringCompare(Container(99).ListItem.Property(ftvWidget),livetv) + !IntegerGreaterThan(Container(301).NumItems,0)">Select</onright>
				<onright condition="StringCompare(Container(99).ListItem.Property(ftvWidget),favourites) + IntegerGreaterThan(Container(201).NumItems,0)">ActivateWindow(favourites)</onright>
				<onright condition="StringCompare(Container(99).ListItem.Property(ftvWidget),favourites) + !IntegerGreaterThan(Container(201).NumItems,0)">Select</onright>
				<onright condition="StringCompare(Container(99).ListItem.Property(ftvWidget),weather)">ActivateWindow(weather)</onright>
				<onright condition="StringCompare(Container(99).ListItem.Property(defaultID),settings)">Select</onright>
				<orientation>vertical</orientation>
				<scrolltime easing="out" tween="sine">180</scrolltime>
				<include>WindowHomeFadeAnimation</include>
				<include>HomeMenuSlideAnimation</include>
				<itemlayout height="74" width="284">
					<control type="label">
						<width>284</width>
						<height>74</height>
						<align>right</align>
						<label>$INFO[ListItem.Label]</label>
						<font>LightCap38</font>
						<textcolor>ff5b6064</textcolor>
						<animation condition="!Control.HasFocus(99)" easing="in" effect="fade" end="40" reversible="true" start="100" time="600" tween="linear">Conditional</animation>
					</control>
				</itemlayout>
				<focusedlayout height="128" width="284">
					<control type="button">
						<texturefocus>-</texturefocus>
						<texturenofocus>-</texturenofocus>
						<onfocus>ClearProperty(WidgetHasFocus,Home)</onfocus>
						<onfocus>SetProperty(MainMenuFocus,1,home)</onfocus>
						<onfocus>ClearProperty(Fade,Home)</onfocus>
						<onfocus>SetProperty(Fade,1,home)</onfocus>
						<onfocus condition="!StringCompare(Container(99).ListItem.Property(defaultID),Window(home).Property(MainFocus))">ClearProperty(MainFocus)</onfocus>
						<onfocus condition="!StringCompare(Container(99).ListItem.Property(defaultID),Window(home).Property(MainFocus))">ClearProperty(FocusRow)</onfocus>
						<onfocus condition="!Control.IsVisible(1000) + StringCompare(Container(1000).CurrentItem,2)">Control.Move(1000,-1)</onfocus>
						<onfocus condition="!Control.IsVisible(1000) + StringCompare(Container(1000).CurrentItem,3)">Control.Move(1000,-2)</onfocus>
						<onfocus condition="!Control.IsVisible(1000) + StringCompare(Container(1000).CurrentItem,4)">Control.Move(1000,-3)</onfocus>
						<onfocus condition="!Control.IsVisible(1000) + StringCompare(Container(1000).CurrentItem,5)">Control.Move(1000,-4)</onfocus>
						<onfocus condition="!Control.IsVisible(1000) + StringCompare(Container(1000).CurrentItem,6)">Control.Move(1000,-5)</onfocus>
						<onfocus condition="!Control.IsVisible(1000) + StringCompare(Container(1000).CurrentItem,7)">Control.Move(1000,-6)</onfocus>
						<onfocus condition="!Control.IsVisible(1000) + StringCompare(Container(1000).CurrentItem,8)">Control.Move(1000,-7)</onfocus>
						<onfocus condition="!Control.IsVisible(1000) + StringCompare(Container(1000).CurrentItem,9)">Control.Move(1000,-8)</onfocus>
						<onfocus condition="!Control.IsVisible(2000) + StringCompare(Container(2000).CurrentItem,2)">Control.Move(2000,-1)</onfocus>
						<onfocus condition="!Control.IsVisible(2000) + StringCompare(Container(2000).CurrentItem,3)">Control.Move(2000,-2)</onfocus>
						<onfocus condition="!Control.IsVisible(2000) + StringCompare(Container(2000).CurrentItem,4)">Control.Move(2000,-3)</onfocus>
						<onfocus condition="!Control.IsVisible(2000) + StringCompare(Container(2000).CurrentItem,5)">Control.Move(2000,-4)</onfocus>
						<onfocus condition="!Control.IsVisible(2000) + StringCompare(Container(2000).CurrentItem,6)">Control.Move(2000,-5)</onfocus>
						<onfocus condition="!Control.IsVisible(2000) + StringCompare(Container(2000).CurrentItem,7)">Control.Move(2000,-6)</onfocus>
						<onfocus condition="!Control.IsVisible(2000) + StringCompare(Container(2000).CurrentItem,8)">Control.Move(2000,-7)</onfocus>
						<onfocus condition="!Control.IsVisible(2000) + StringCompare(Container(2000).CurrentItem,9)">Control.Move(2000,-8)</onfocus>
						<onfocus condition="!Control.IsVisible(3000) + StringCompare(Container(3000).CurrentItem,2)">Control.Move(3000,-1)</onfocus>
						<onfocus condition="!Control.IsVisible(3000) + StringCompare(Container(3000).CurrentItem,3)">Control.Move(3000,-2)</onfocus>
						<onfocus condition="!Control.IsVisible(3000) + StringCompare(Container(3000).CurrentItem,4)">Control.Move(3000,-3)</onfocus>
						<onfocus condition="!Control.IsVisible(3000) + StringCompare(Container(3000).CurrentItem,5)">Control.Move(3000,-4)</onfocus>
						<onfocus condition="!Control.IsVisible(3000) + StringCompare(Container(3000).CurrentItem,6)">Control.Move(3000,-5)</onfocus>
						<onfocus condition="!Control.IsVisible(3000) + StringCompare(Container(3000).CurrentItem,7)">Control.Move(3000,-6)</onfocus>
						<onfocus condition="!Control.IsVisible(3000) + StringCompare(Container(3000).CurrentItem,8)">Control.Move(3000,-7)</onfocus>
						<onfocus condition="!Control.IsVisible(3000) + StringCompare(Container(3000).CurrentItem,9)">Control.Move(3000,-8)</onfocus>
						<onfocus condition="!Control.IsVisible(4000) + StringCompare(Container(4000).CurrentItem,2)">Control.Move(4000,-1)</onfocus>
						<onfocus condition="!Control.IsVisible(4000) + StringCompare(Container(4000).CurrentItem,3)">Control.Move(4000,-2)</onfocus>
						<onfocus condition="!Control.IsVisible(4000) + StringCompare(Container(4000).CurrentItem,4)">Control.Move(4000,-3)</onfocus>
						<onfocus condition="!Control.IsVisible(4000) + StringCompare(Container(4000).CurrentItem,5)">Control.Move(4000,-4)</onfocus>
						<onfocus condition="!Control.IsVisible(4000) + StringCompare(Container(4000).CurrentItem,6)">Control.Move(4000,-5)</onfocus>
						<onfocus condition="!Control.IsVisible(4000) + StringCompare(Container(4000).CurrentItem,7)">Control.Move(4000,-6)</onfocus>
						<onfocus condition="!Control.IsVisible(4000) + StringCompare(Container(4000).CurrentItem,8)">Control.Move(4000,-7)</onfocus>
						<onfocus condition="!Control.IsVisible(4000) + StringCompare(Container(4000).CurrentItem,9)">Control.Move(4000,-8)</onfocus>
						<onfocus condition="!Control.IsVisible(5000) + StringCompare(Container(5000).CurrentItem,2)">Control.Move(5000,-1)</onfocus>
						<onfocus condition="!Control.IsVisible(5000) + StringCompare(Container(5000).CurrentItem,3)">Control.Move(5000,-2)</onfocus>
						<onfocus condition="!Control.IsVisible(5000) + StringCompare(Container(5000).CurrentItem,4)">Control.Move(5000,-3)</onfocus>
						<onfocus condition="!Control.IsVisible(5000) + StringCompare(Container(5000).CurrentItem,5)">Control.Move(5000,-4)</onfocus>
						<onfocus condition="!Control.IsVisible(5000) + StringCompare(Container(5000).CurrentItem,6)">Control.Move(5000,-5)</onfocus>
						<onfocus condition="!Control.IsVisible(5000) + StringCompare(Container(5000).CurrentItem,7)">Control.Move(5000,-6)</onfocus>
						<onfocus condition="!Control.IsVisible(5000) + StringCompare(Container(5000).CurrentItem,8)">Control.Move(5000,-7)</onfocus>
						<onfocus condition="!Control.IsVisible(5000) + StringCompare(Container(5000).CurrentItem,9)">Control.Move(5000,-8)</onfocus>
						<onfocus condition="!Control.IsVisible(6000) + StringCompare(Container(6000).CurrentItem,2)">Control.Move(6000,-1)</onfocus>
						<onfocus condition="!Control.IsVisible(6000) + StringCompare(Container(6000).CurrentItem,3)">Control.Move(6000,-2)</onfocus>
						<onfocus condition="!Control.IsVisible(6000) + StringCompare(Container(6000).CurrentItem,4)">Control.Move(6000,-3)</onfocus>
						<onfocus condition="!Control.IsVisible(6000) + StringCompare(Container(6000).CurrentItem,5)">Control.Move(6000,-4)</onfocus>
						<onfocus condition="!Control.IsVisible(6000) + StringCompare(Container(6000).CurrentItem,6)">Control.Move(6000,-5)</onfocus>
						<onfocus condition="!Control.IsVisible(6000) + StringCompare(Container(6000).CurrentItem,7)">Control.Move(6000,-6)</onfocus>
						<onfocus condition="!Control.IsVisible(6000) + StringCompare(Container(6000).CurrentItem,8)">Control.Move(6000,-7)</onfocus>
						<onfocus condition="!Control.IsVisible(6000) + StringCompare(Container(6000).CurrentItem,9)">Control.Move(6000,-8)</onfocus>
						<onfocus condition="!Control.IsVisible(7000) + StringCompare(Container(7000).CurrentItem,2)">Control.Move(7000,-1)</onfocus>
						<onfocus condition="!Control.IsVisible(7000) + StringCompare(Container(7000).CurrentItem,3)">Control.Move(7000,-2)</onfocus>
						<onfocus condition="!Control.IsVisible(7000) + StringCompare(Container(7000).CurrentItem,4)">Control.Move(7000,-3)</onfocus>
						<onfocus condition="!Control.IsVisible(7000) + StringCompare(Container(7000).CurrentItem,5)">Control.Move(7000,-4)</onfocus>
						<onfocus condition="!Control.IsVisible(7000) + StringCompare(Container(7000).CurrentItem,6)">Control.Move(7000,-5)</onfocus>
						<onfocus condition="!Control.IsVisible(7000) + StringCompare(Container(7000).CurrentItem,7)">Control.Move(7000,-6)</onfocus>
						<onfocus condition="!Control.IsVisible(7000) + StringCompare(Container(7000).CurrentItem,8)">Control.Move(7000,-7)</onfocus>
						<onfocus condition="!Control.IsVisible(7000) + StringCompare(Container(7000).CurrentItem,9)">Control.Move(7000,-8)</onfocus>
						<onfocus condition="!Control.IsVisible(8000) + StringCompare(Container(8000).CurrentItem,2)">Control.Move(8000,-1)</onfocus>
						<onfocus condition="!Control.IsVisible(8000) + StringCompare(Container(8000).CurrentItem,3)">Control.Move(8000,-2)</onfocus>
						<onfocus condition="!Control.IsVisible(8000) + StringCompare(Container(8000).CurrentItem,4)">Control.Move(8000,-3)</onfocus>
						<onfocus condition="!Control.IsVisible(8000) + StringCompare(Container(8000).CurrentItem,5)">Control.Move(8000,-4)</onfocus>
						<onfocus condition="!Control.IsVisible(8000) + StringCompare(Container(8000).CurrentItem,6)">Control.Move(8000,-5)</onfocus>
						<onfocus condition="!Control.IsVisible(8000) + StringCompare(Container(8000).CurrentItem,7)">Control.Move(8000,-6)</onfocus>
						<onfocus condition="!Control.IsVisible(8000) + StringCompare(Container(8000).CurrentItem,8)">Control.Move(8000,-7)</onfocus>
						<onfocus condition="!Control.IsVisible(8000) + StringCompare(Container(8000).CurrentItem,9)">Control.Move(8000,-8)</onfocus>
						<onfocus condition="!Control.IsVisible(9000) + StringCompare(Container(9000).CurrentItem,2)">Control.Move(9000,-1)</onfocus>
						<onfocus condition="!Control.IsVisible(9000) + StringCompare(Container(9000).CurrentItem,3)">Control.Move(9000,-2)</onfocus>
						<onfocus condition="!Control.IsVisible(9000) + StringCompare(Container(9000).CurrentItem,4)">Control.Move(9000,-3)</onfocus>
						<onfocus condition="!Control.IsVisible(9000) + StringCompare(Container(9000).CurrentItem,5)">Control.Move(9000,-4)</onfocus>
						<onfocus condition="!Control.IsVisible(9000) + StringCompare(Container(9000).CurrentItem,6)">Control.Move(9000,-5)</onfocus>
						<onfocus condition="!Control.IsVisible(9000) + StringCompare(Container(9000).CurrentItem,7)">Control.Move(9000,-6)</onfocus>
						<onfocus condition="!Control.IsVisible(9000) + StringCompare(Container(9000).CurrentItem,8)">Control.Move(9000,-7)</onfocus>
						<onfocus condition="!Control.IsVisible(9000) + StringCompare(Container(9000).CurrentItem,9)">Control.Move(9000,-8)</onfocus>
						<onfocus condition="!Control.IsVisible(10000) + StringCompare(Container(10000).CurrentItem,2)">Control.Move(10000,-1)</onfocus>
						<onfocus condition="!Control.IsVisible(10000) + StringCompare(Container(10000).CurrentItem,3)">Control.Move(10000,-2)</onfocus>
						<onfocus condition="!Control.IsVisible(10000) + StringCompare(Container(10000).CurrentItem,4)">Control.Move(10000,-3)</onfocus>
						<onfocus condition="!Control.IsVisible(10000) + StringCompare(Container(10000).CurrentItem,5)">Control.Move(10000,-4)</onfocus>
						<onfocus condition="!Control.IsVisible(10000) + StringCompare(Container(10000).CurrentItem,6)">Control.Move(10000,-5)</onfocus>
						<onfocus condition="!Control.IsVisible(10000) + StringCompare(Container(10000).CurrentItem,7)">Control.Move(10000,-6)</onfocus>
						<onfocus condition="!Control.IsVisible(10000) + StringCompare(Container(10000).CurrentItem,8)">Control.Move(10000,-7)</onfocus>
						<onfocus condition="!Control.IsVisible(10000) + StringCompare(Container(10000).CurrentItem,9)">Control.Move(10000,-8)</onfocus>
						<onfocus condition="!Control.IsVisible(11000) + StringCompare(Container(11000).CurrentItem,2)">Control.Move(11000,-1)</onfocus>
						<onfocus condition="!Control.IsVisible(11000) + StringCompare(Container(11000).CurrentItem,3)">Control.Move(11000,-2)</onfocus>
						<onfocus condition="!Control.IsVisible(11000) + StringCompare(Container(11000).CurrentItem,4)">Control.Move(11000,-3)</onfocus>
						<onfocus condition="!Control.IsVisible(11000) + StringCompare(Container(11000).CurrentItem,5)">Control.Move(11000,-4)</onfocus>
						<onfocus condition="!Control.IsVisible(11000) + StringCompare(Container(11000).CurrentItem,6)">Control.Move(11000,-5)</onfocus>
						<onfocus condition="!Control.IsVisible(11000) + StringCompare(Container(11000).CurrentItem,7)">Control.Move(11000,-6)</onfocus>
						<onfocus condition="!Control.IsVisible(11000) + StringCompare(Container(11000).CurrentItem,8)">Control.Move(11000,-7)</onfocus>
						<onfocus condition="!Control.IsVisible(11000) + StringCompare(Container(11000).CurrentItem,9)">Control.Move(11000,-8)</onfocus>
						<onfocus condition="!Control.IsVisible(12000) + StringCompare(Container(12000).CurrentItem,2)">Control.Move(12000,-1)</onfocus>
						<onfocus condition="!Control.IsVisible(12000) + StringCompare(Container(12000).CurrentItem,3)">Control.Move(12000,-2)</onfocus>
						<onfocus condition="!Control.IsVisible(12000) + StringCompare(Container(12000).CurrentItem,4)">Control.Move(12000,-3)</onfocus>
						<onfocus condition="!Control.IsVisible(12000) + StringCompare(Container(12000).CurrentItem,5)">Control.Move(12000,-4)</onfocus>
						<onfocus condition="!Control.IsVisible(12000) + StringCompare(Container(12000).CurrentItem,6)">Control.Move(12000,-5)</onfocus>
						<onfocus condition="!Control.IsVisible(12000) + StringCompare(Container(12000).CurrentItem,7)">Control.Move(12000,-6)</onfocus>
						<onfocus condition="!Control.IsVisible(12000) + StringCompare(Container(12000).CurrentItem,8)">Control.Move(12000,-7)</onfocus>
						<onfocus condition="!Control.IsVisible(12000) + StringCompare(Container(12000).CurrentItem,9)">Control.Move(12000,-8)</onfocus>
					</control>
					<control type="label">
						<width>284</width>
						<height>128</height>
						<align>right</align>
						<label>$INFO[ListItem.Label]</label>
						<font>LightCap38</font>
						<textcolor>ff5b6064</textcolor>
						<animation condition="Container(99).OnNext" reversible="false" type="UnFocus">
							<effect easing="out" end="0,-28" start="0,0" time="200" tween="circle" type="slide" />
							<effect end="100" start="0" time="0" type="fade" />
						</animation>
						<animation condition="Container(99).OnPrevious" reversible="false" type="UnFocus">
							<effect easing="out" end="0,-28" start="0,-56" time="200" tween="circle" type="slide" />
							<effect end="100" start="0" time="0" type="fade" />
						</animation>
						<animation reversible="false" type="Focus">
							<effect end="0" start="0" time="0" type="fade" />
						</animation>
						<visible>Control.HasFocus(99)</visible>
					</control>
					<control type="label">
						<width>284</width>
						<height>128</height>
						<align>right</align>
						<label>$INFO[ListItem.Label]</label>
						<font>LightCap48</font>
						<textcolor>ffffc24b</textcolor>
						<animation reversible="false" type="UnFocus">
							<effect end="0" start="100" time="0" type="fade" />
						</animation>
						<visible>Control.HasFocus(99)</visible>
					</control>
					<control type="label">
						<width>284</width>
						<height>128</height>
						<align>right</align>
						<label>$INFO[ListItem.Label]</label>
						<font>LightCap48</font>
						<textcolor>ffffffff</textcolor>
						<visible>!Control.HasFocus(99)</visible>
					</control>
				</focusedlayout>
				<content>
					<include>skinshortcuts-mainmenu</include>
				</content>
			</control>
			<!-- Menu diffuse -->
			<control type="image">
				<left>0</left>
				<top>-706</top>
				<width>418</width>
				<height>1858</height>
				<aspectratio>stretch</aspectratio>
				<texture border="2" diffuse="special://skin/extras/backgrounds/diffuse.png">special://skin/extras/backgrounds/default.png</texture>
				<animation condition="Container(99).Row(0)" effect="slide" end="0,0" time="200">Conditional</animation>
				<animation condition="Container(99).Row(1)" effect="slide" end="0,65" time="200">Conditional</animation>
				<animation condition="Container(99).Row(2)" effect="slide" end="0,130" time="200">Conditional</animation>
				<animation condition="Container(99).Row(3)" effect="slide" end="0,195" time="200">Conditional</animation>
				<animation condition="Container(99).Row(4)" effect="slide" end="0,260" time="200">Conditional</animation>
				<animation condition="Container(99).Row(5)" effect="slide" end="0,325" time="200">Conditional</animation>
				<animation condition="Container(99).Row(6)" effect="slide" end="0,390" time="200">Conditional</animation>
				<animation condition="Container(99).Row(7)" effect="slide" end="0,455" time="200">Conditional</animation>
				<animation condition="Container(99).Row(8)" effect="slide" end="0,520" time="200">Conditional</animation>
				<animation condition="Container(99).Row(9)" effect="slide" end="0,585" time="200">Conditional</animation>
				<animation condition="Container(99).Row(10)" effect="slide" end="0,650" time="200">Conditional</animation>
				<animation condition="Container(99).Row(11)" effect="slide" end="0,715" time="200">Conditional</animation>
				<animation condition="StringCompare(Container(99).NumItems,10)" effect="slide" end="0,33" time="0">Conditional</animation>
				<animation condition="StringCompare(Container(99).NumItems,9)" effect="slide" end="0,66" time="0">Conditional</animation>
				<animation condition="StringCompare(Container(99).NumItems,8)" effect="slide" end="0,99" time="0">Conditional</animation>
				<animation condition="StringCompare(Container(99).NumItems,7)" effect="slide" end="0,132" time="0">Conditional</animation>
				<animation condition="StringCompare(Container(99).NumItems,6)" effect="slide" end="0,165" time="0">Conditional</animation>
				<animation condition="StringCompare(Container(99).NumItems,5)" effect="slide" end="0,198" time="0">Conditional</animation>
				<animation condition="StringCompare(Container(99).NumItems,4)" effect="slide" end="0,231" time="0">Conditional</animation>
				<animation condition="StringCompare(Container(99).NumItems,3)" effect="slide" end="0,264" time="0">Conditional</animation>
				<animation condition="StringCompare(Container(99).NumItems,2)" effect="slide" end="0,297" time="0">Conditional</animation>
				<animation condition="StringCompare(Container(99).NumItems,1)" effect="slide" end="0,330" time="0">Conditional</animation>
			</control>
			<!-- Widgets -->
			<include>HomeWidgets</include>
		</control>
			<!-- Check if preloading is in progress -->
			<control type="button" id="90">
				<include>HiddenControl</include>
				<onfocus>SetProperty(preload,1,Home)</onfocus>
				<onfocus>SetProperty(fadeoutdelay,1,Home)</onfocus>
				<onfocus condition="Control.IsVisible(91)">SetFocus(93)</onfocus>
				<onfocus condition="!Control.IsVisible(91)">SetFocus(94)</onfocus>
				<onclick>SetFocus(94)</onclick>
				<onback>SetFocus(94)</onback>
			</control>
			<!-- Loop trigger -->
			<control type="button" id="93">
				<include>HiddenControl</include>
				<onfocus>SetFocus(90)</onfocus>
				<onclick>SetFocus(94)</onclick>
				<onback>SetFocus(94)</onback>
			</control>
			<!-- Ready to focus -->
			<control type="button" id="94">
				<include>HiddenControl</include>
				<onfocus condition="Skin.HasSetting(SkipSearchItem) + StringCompare(Container(99).ListItem.Property(defaultID),script.globalsearch)">AlarmClock(waitforpreload,Control.SetFocus(99,1),00:01,silent)</onfocus>
				<onfocus condition="!Skin.HasSetting(SkipSearchItem) | !StringCompare(Container(99).ListItem.Property(defaultID),script.globalsearch)">AlarmClock(waitforpreload,Control.SetFocus(99,0),00:01,silent)</onfocus>
				<onfocus>AlarmClock(preload,ClearProperty(preload,Home),00:01,silent)</onfocus>
				<onfocus>AlarmClock(fadeoutdelay,ClearProperty(fadeoutdelay,Home),00:05,silent)</onfocus>
			</control>
		</controls>
	</window>