<?xml version="1.0" encoding="UTF-8"?>
<window>
	<!-- weather -->
	<backgroundcolor>0xff12161b</backgroundcolor>
	<defaultcontrol always="true">100</defaultcontrol>
	<onunload condition="StringCompare(Container(1000).CurrentItem,2)">Control.Move(1000,-1)</onunload>
	<onunload condition="StringCompare(Container(1000).CurrentItem,3)">Control.Move(1000,-2)</onunload>
	<onunload condition="StringCompare(Container(1000).CurrentItem,4)">Control.Move(1000,-3)</onunload>
	<onunload condition="StringCompare(Container(1000).CurrentItem,5)">Control.Move(1000,-4)</onunload>
	<onunload condition="StringCompare(Container(1000).CurrentItem,6)">Control.Move(1000,-5)</onunload>
	<controls>
		<control type="group">
			<left>128</left>
			<animation type="WindowOpen">
				<effect end="0,0" start="200,0" time="200" type="slide" />
				<effect end="100" start="0" time="200" type="fade" />
			</animation>
			<animation type="WindowClose">
				<effect end="200,0" start="0,0" time="200" type="slide" />
				<effect end="0" start="100" time="200" type="fade" />
			</animation>
			<control type="image">
				<width>1664</width>
				<height>1080</height>
				<texture fallback="weather/background/na.jpg">$VAR[WeatherFanartCodeBack]</texture>
			</control>
			<control type="image">
				<top>148</top>
				<width>1664</width>
				<height>812</height>
				<texture>views/OverlayNF.png</texture>
			</control>
			<control type="group">
				<left>48</left>
				<top>183</top>
				<control type="label">
					<width>1568</width>
					<height>68</height>
					<font>Med59</font>
					<label fallback="8">$INFO[Weather.Location]</label>
					<textcolor>ffffffff</textcolor>
				</control>
				<control type="label">
					<top>69</top>
					<width>1568</width>
					<height>40</height>
					<font>Light30Spaced</font>
					<label>$INFO[Window(Weather).Property(WeatherProvider)]</label>
					<textcolor>ffffffff</textcolor>
				</control>
				<control type="group">
					<animation condition="IsEmpty(Window(Weather).Property(Current.Temperature))" effect="fade" end="0" start="100">Conditional</animation>
					<control type="image">
						<top>129</top>
						<width>128</width>
						<height>128</height>
						<texture fallback="weather/icons/na.png">$INFO[Window(Weather).Property(Current.FanartCode),weather/background/,.jpg]</texture>
						<aspectratio>keep</aspectratio>
					</control>
					<control type="label">
						<left>148</left>
						<top>167</top>
						<width>230</width>
						<height>50</height>
						<font>Light40</font>
						<wrapmultiline>true</wrapmultiline>
						<label>$INFO[Weather.Conditions]</label>
						<textcolor>ffffffff</textcolor>
					</control>
					<control type="label">
						<top>267</top>
						<width>340</width>
						<height>154</height>
						<font>Light144</font>
						<label>$INFO[Window(Weather).Property(Current.Temperature),,°]</label>
						<textcolor>ffffffff</textcolor>
					</control>
					<control type="label">
						<top>433</top>
						<width>340</width>
						<height>40</height>
						<font>Light31</font>
						<label>$INFO[System.Time(h)]:$INFO[System.Time(mm)]  $INFO[System.Date(DDD)]</label>
						<textcolor>ffffffff</textcolor>
					</control>
					<control type="label">
						<top>476</top>
						<width>340</width>
						<height>40</height>
						<font>Light31</font>
						<label>$INFO[System.Date(d)] $INFO[System.Date(MMM)]</label>
						<textcolor>ffffffff</textcolor>
					</control>
					<control type="image">
						<left>410</left>
						<top>157</top>
						<width>8</width>
						<height>331</height>
						<colordiffuse>55ffffff</colordiffuse>
						<texture border="3,0,0,0">common/WhiteLine.png</texture>
					</control>
					<control type="grouplist">
						<left>447</left>
						<top>142</top>
						<width>1202</width>
						<height>351</height>
						<itemgap>11</itemgap>
						<align>center</align>
						<orientation>vertical</orientation>
						<control type="label">
							<width>1202</width>
							<height>40</height>
							<font>Light40</font>
							<label>$VAR[DayNightWeather]</label>
							<textcolor>ffffffff</textcolor>
						</control>
						<control type="label">
							<width>1202</width>
							<height>4</height>
							<font>-</font>
						</control>
						<control type="textbox">
							<width>1202</width>
							<height>auto</height>
							<font>Med59</font>
							<autoscroll>False</autoscroll>
							<label>$VAR[WeatherOutlook]</label>
							<textcolor>ffffffff</textcolor>
						</control>
						<control type="label">
							<width>1202</width>
							<height>4</height>
							<font>-</font>
						</control>
						<control type="label">
							<width>1202</width>
							<height>32</height>
							<font>Light32</font>
							<label>$VAR[WeatherOutlookTemp]</label>
							<textcolor>ffffffff</textcolor>
						</control>
						<control type="label">
							<width>1202</width>
							<height>32</height>
							<font>Light32</font>
							<label>$INFO[Window(Weather).Property(Today.Sunrise),[B]$LOCALIZE[33027][/B] ]    $INFO[Window(Weather).Property(Today.Sunset),[B]$LOCALIZE[33028][/B] ]</label>
							<textcolor>ffffffff</textcolor>
							<visible>!Control.HasFocus(1000) | StringCompare(Container(1000).CurrentItem,1)</visible>
						</control>
						<control type="label">
							<width>1102</width>
							<height>32</height>
							<font>Light32</font>
							<label>$INFO[Window(Weather).Property(Current.Wind),[B]$LOCALIZE[383][/B] ]</label>
							<textcolor>ffffffff</textcolor>
							<visible>!Control.HasFocus(1000) | StringCompare(Container(1000).CurrentItem,1)</visible>
						</control>
					</control>
					<!-- white borders -->
					<control type="grouplist">
						<orientation>horizontal</orientation>
						<width>1386</width>
						<height>200</height>
						<left>410</left>
						<top>577</top>
						<itemgap>223</itemgap>
						<control type="image">
							<width>8</width>
							<height>144</height>
							<colordiffuse>55ffffff</colordiffuse>
							<texture border="3,0,0,0">common/WhiteLine.png</texture>
							<visible>IntegerGreaterThan(Container(1000).NumItems,1)</visible>	
						</control>
						<control type="image">
							<width>8</width>
							<height>144</height>
							<colordiffuse>55ffffff</colordiffuse>
							<texture border="3,0,0,0">common/WhiteLine.png</texture>	
							<visible>IntegerGreaterThan(Container(1000).NumItems,2)</visible>
						</control>
						<control type="image">
							<width>8</width>
							<height>144</height>
							<colordiffuse>55ffffff</colordiffuse>
							<texture border="3,0,0,0">common/WhiteLine.png</texture>	
							<visible>IntegerGreaterThan(Container(1000).NumItems,3)</visible>
						</control>
						<control type="image">
							<width>8</width>
							<height>144</height>
							<colordiffuse>55ffffff</colordiffuse>
							<texture border="3,0,0,0">common/WhiteLine.png</texture>	
							<visible>IntegerGreaterThan(Container(1000).NumItems,4)</visible>
						</control>
						<control type="image">
							<width>8</width>
							<height>144</height>
							<colordiffuse>55ffffff</colordiffuse>
							<texture border="3,0,0,0">common/WhiteLine.png</texture>	
							<visible>IntegerGreaterThan(Container(1000).NumItems,5)</visible>
						</control>
					</control>
					<!-- weekly forecast -->
					<control type="list" id="1000">
						<left>179</left>
						<top>549</top>
						<width>1386</width>
						<height>200</height>
						<onleft>100</onleft>
						<onright>noop</onright>
						<viewtype label="">list</viewtype>
						<orientation>horizontal</orientation>
						<itemlayout height="200" width="231">
							<control type="image">
								<left>68</left>
								<top>3</top>
								<width>96</width>
								<height>96</height>
								<texture>$INFO[ListItem.Icon]</texture>
								<aspectratio>keep</aspectratio>
							</control>
							<control type="label">
								<top>110</top>
								<width>231</width>
								<height>34</height>
								<font>Med24</font>
								<align>center</align>
								<textcolor>ffffffff</textcolor>
								<label>[UPPERCASE]$INFO[ListItem.Label][/UPPERCASE]</label>
							</control>
							<control type="label">
								<top>164</top>
								<width>231</width>
								<height>34</height>
								<font>Med24</font>
								<align>center</align>
								<textcolor>ffffffff</textcolor>
								<label>$INFO[ListItem.Label2]</label>
							</control>
						</itemlayout>
						<focusedlayout height="200" width="231">
							<control type="image">
								<left>68</left>
								<top>3</top>
								<width>96</width>
								<height>96</height>
								<texture>$INFO[ListItem.Icon]</texture>
								<aspectratio>keep</aspectratio>
							</control>
							<control type="label">
								<top>110</top>
								<width>231</width>
								<height>34</height>
								<font>Med24</font>
								<align>center</align>
								<textcolor>ffffffff</textcolor>
								<label>[UPPERCASE]$INFO[ListItem.Label][/UPPERCASE]</label>
								<visible>!Control.HasFocus(1000)</visible>
							</control>
							<control type="label">
								<top>110</top>
								<width>231</width>
								<height>34</height>
								<font>Med24</font>
								<align>center</align>
								<textcolor>ffffc24b</textcolor>
								<label>[UPPERCASE]$INFO[ListItem.Label][/UPPERCASE]</label>
								<visible>Control.HasFocus(1000)</visible>
							</control>
							<control type="label">
								<top>164</top>
								<width>231</width>
								<height>34</height>
								<font>Med24</font>
								<align>center</align>
								<textcolor>ffffffff</textcolor>
								<label>$INFO[ListItem.Label2]</label>
								<visible>!Control.HasFocus(1000)</visible>
							</control>
							<control type="label">
								<top>164</top>
								<width>231</width>
								<height>34</height>
								<font>Med24</font>
								<align>center</align>
								<textcolor>ffffc24b</textcolor>
								<label>$INFO[ListItem.Label2]</label>
								<visible>Control.HasFocus(1000)</visible>
							</control>
						</focusedlayout>
						<content>
							<item>
								<onclick>noop</onclick>
								<label>$VAR[Day0]</label>
								<label2>$INFO[Window(Weather).Property(Day0.LowTemp),,°]  $INFO[Window(Weather).Property(Day0.HighTemp),,°]</label2>
								<icon>$INFO[Window(Weather).Property(Day0.FanartCode),weather/icons/,.png]</icon>
								<visible>!IsEmpty(Window(Weather).Property(Day0.Outlook))</visible>
							</item>
							<item>
								<onclick>noop</onclick>
								<label>$VAR[Day1]</label>
								<label2>$INFO[Window(Weather).Property(Day1.LowTemp),,°]  $INFO[Window(Weather).Property(Day1.HighTemp),,°]</label2>
								<icon>$INFO[Window(Weather).Property(Day1.FanartCode),weather/icons/,.png]</icon>
								<visible>!IsEmpty(Window(Weather).Property(Day1.Outlook))</visible>
							</item>
							<item>
								<onclick>noop</onclick>
								<label>$VAR[Day2]</label>
								<label2>$INFO[Window(Weather).Property(Day2.LowTemp),,°]  $INFO[Window(Weather).Property(Day2.HighTemp),,°]</label2>
								<icon>$INFO[Window(Weather).Property(Day2.FanartCode),weather/icons/,.png]</icon>
								<visible>!IsEmpty(Window(Weather).Property(Day2.Outlook))</visible>
							</item>
							<item>
								<onclick>noop</onclick>
								<label>$VAR[Day3]</label>
								<label2>$INFO[Window(Weather).Property(Day3.LowTemp),,°]  $INFO[Window(Weather).Property(Day3.HighTemp),,°]</label2>
								<icon>$INFO[Window(Weather).Property(Day3.FanartCode),weather/icons/,.png]</icon>
								<visible>!IsEmpty(Window(Weather).Property(Day3.Outlook))</visible>
							</item>
							<item>
								<onclick>noop</onclick>
								<label>$VAR[Day4]</label>
								<label2>$INFO[Window(Weather).Property(Day4.LowTemp),,°]  $INFO[Window(Weather).Property(Day4.HighTemp),,°]</label2>
								<icon>$INFO[Window(Weather).Property(Day4.FanartCode),weather/icons/,.png]</icon>
								<visible>!IsEmpty(Window(Weather).Property(Day4.Outlook))</visible>
							</item>
							<item>
								<onclick>noop</onclick>
								<label>$VAR[Day5]</label>
								<label2>$INFO[Window(Weather).Property(Day5.LowTemp),,°]  $INFO[Window(Weather).Property(Day5.HighTemp),,°]</label2>
								<icon>$INFO[Window(Weather).Property(Day5.FanartCode),weather/icons/,.png]</icon>
								<visible>!IsEmpty(Window(Weather).Property(Day5.Outlook))</visible>
							</item>
						</content>
					</control>
				</control>
				<!-- controls -->
				<control type="group">
					<control id="100" type="button">
						<top>575</top>
						<width>160</width>
						<height>64</height>
						<align>center</align>
						<label>35500</label>
						<onup>Back</onup>
						<ondown>101</ondown>
						<onleft>Back</onleft>
						<onright>1000</onright>
						<onclick>Weather.LocationNext</onclick>
						<texturefocus border="3">common/button_fo.png</texturefocus>
						<texturenofocus border="3">common/button_nf.png</texturenofocus>
					</control>
					<control id="101" type="button">
						<top>659</top>
						<width>160</width>
						<height>64</height>
						<align>center</align>
						<label>5</label>
						<onup>100</onup>
						<ondown>noop</ondown>
						<onleft>Back</onleft>
						<onright>1000</onright>
						<onclick>ActivateWindow(MyWeatherSettings)</onclick>
						<texturefocus border="3">common/button_fo.png</texturefocus>
						<texturenofocus border="3">common/button_nf.png</texturenofocus>
					</control>
				</control>
			</control>
		</control>
		<control type="image">
			<centerleft>50%</centerleft>
			<centertop>50%</centertop>
			<width>84</width>
			<height>84</height>
			<texture>common/busy.png</texture>
			<animation center="auto" condition="true" effect="rotate" end="-360" loop="true" reversible="false" time="1120">Conditional</animation>
			<visible>StringCompare(Weather.Location,$LOCALIZE[503])</visible>
		</control>
	</controls>
</window>