<?xml version="1.0" encoding="UTF-8"?>
<window>
	<!-- pointer -->
	<defaultcontrol>-</defaultcontrol>
	<controls>
		<!-- Pointer -->
		<control id="1" type="image">
			<width>200</width>
			<height>50</height>
			<texture>mouse.png</texture>
			<visible>!Skin.HasSetting(HideMouse)</visible>
		</control>
		<!-- Pointer focus -->
		<control id="2" type="image">
			<width>200</width>
			<height>50</height>
			<texture>mouse.png</texture>
			<visible>!Skin.HasSetting(HideMouse)</visible>
		</control>
		<!-- Pointer drag -->
		<control id="3" type="image">
			<width>200</width>
			<height>50</height>
			<texture>mouse.png</texture>
			<visible>!Skin.HasSetting(HideMouse)</visible>
		</control>
		<!-- Pointer click -->
		<control id="4" type="image">
			<width>200</width>
			<height>50</height>
			<texture>mouse.png</texture>
			<visible>!Skin.HasSetting(HideMouse)</visible>
		</control>
	</controls>
</window>