<?xml version="1.0" encoding="UTF-8"?>
<window>
	<!-- systeminfo -->
	<backgroundcolor>0xff12161b</backgroundcolor>
	<defaultcontrol always="true">101</defaultcontrol>
	<controls>
		<!-- Heading / Current item / Total items -->
		<control type="grouplist">
			<left>198</left>
			<top>134</top>
			<height>80</height>
			<itemgap>10</itemgap>
			<orientation>horizontal</orientation>
			<usecontrolcoords>true</usecontrolcoords>
			<control type="label">
				<width>auto</width>
				<height>60</height>
				<font>Med48</font>
				<aligny>bottom</aligny>
				<textcolor>ffdadada</textcolor>
				<label>$LOCALIZE[5]  </label>
			</control>
			<control type="label">
				<top>15</top>
				<width>auto</width>
				<height>60</height>
				<font>Med32</font>
				<aligny>bottom</aligny>
				<textcolor>ffdadada</textcolor>
				<label>$NUMBER[10]</label>
			</control>
			<control type="label">
				<top>14</top>
				<width>auto</width>
				<height>60</height>
				<font>Light36</font>
				<aligny>bottom</aligny>
				<textcolor>ff505050</textcolor>
				<label>|</label>
			</control>
			<control type="label">
				<top>15</top>
				<width>auto</width>
				<height>60</height>
				<font>Light32</font>
				<aligny>bottom</aligny>
				<textcolor>ff505050</textcolor>
				<label>$NUMBER[10]</label>
			</control>
		</control>
		<control type="group">
			<left>-28</left>
			<top>289</top>
			<control type="group">
				<width>333</width>
				<height>497</height>
				<animation center="134,240" condition="True" effect="zoom" end="84.5" start="84.5">Conditional</animation>
				<control type="image">
					<left>-24</left>
					<width>333</width>
					<height>497</height>
					<texture border="1,1,14,18">settings/settings_tile.png</texture>
				</control>
				<control type="label">
					<left>-10</left>
					<top>28</top>
					<width>276</width>
					<height>32</height>
					<font>Bold34</font>
					<textcolor>ffdadada</textcolor>
					<label>14036</label>
				</control>
				<control type="image">
					<left>-13</left>
					<top>123</top>
					<width>300</width>
					<height>300</height>
					<aspectratio align="center" aligny="center">keep</aspectratio>
					<texture>settings/icon_service.png</texture>
				</control>
				<control type="image">
					<left>-24</left>
					<width>320</width>
					<height>480</height>
					<texture>views/OverlayNF.png</texture>
				</control>
			</control>
		</control>
		<control type="group">
			<left>223</left>
			<top>289</top>
			<control type="image">
				<left>-24</left>
				<width>333</width>
				<height>497</height>
				<texture border="1,1,14,18">settings/settings_tile.png</texture>
			</control>
			<control type="label">
				<left>-10</left>
				<top>28</top>
				<width>276</width>
				<height>32</height>
				<font>Bold34</font>
				<textcolor>ffdadada</textcolor>
				<label>22082</label>
			</control>
			<control type="image">
				<left>-13</left>
				<top>123</top>
				<width>300</width>
				<height>300</height>
				<aspectratio align="center" aligny="center">keep</aspectratio>
				<texture>settings/icon_more.png</texture>
			</control>
		</control>
		<control type="group">
			<left>518</left>
			<top>289</top>
			<width>678</width>
			<height>520</height>
			<control type="image">
				<left>-359</left>
				<width>40</width>
				<height>480</height>
				<texture flipx="true">settings/shadow.png</texture>
			</control>
			<control type="group">
				<control type="image">
					<width>678</width>
					<height>520</height>
					<texture>settings/back.png</texture>
				</control>
			</control>
			<control type="group">
				<control type="grouplist">
					<width>638</width>
					<height>480</height>
					<itemgap>0</itemgap>
					<scrolltime>0</scrolltime>
				</control>
				<control type="button">
					<height>120</height>
					<width>638</width>
					<textoffsetx>40</textoffsetx>
					<textwidth>576</textwidth>
					<aligny>center</aligny>
					<font>Light30Spaced</font>
					<textcolor>ff505153</textcolor>
					<focusedcolor>ffffaf37</focusedcolor>
					<texturefocus border="3">settings/button_focus.png</texturefocus>
					<texturenofocus border="3">settings/button_no_focus.png</texturenofocus>
					<pulseonselect>false</pulseonselect>
				</control>
				<control type="image">
					<width>40</width>
					<height>480</height>
					<texture>settings/shadow.png</texture>
				</control>
			</control>
			<control type="group">
				<control type="grouplist">
					<width>638</width>
					<height>480</height>
					<itemgap>0</itemgap>
					<scrolltime>0</scrolltime>
					<control type="button">
						<height>120</height>
						<width>638</width>
						<textoffsetx>40</textoffsetx>
						<textwidth>576</textwidth>
						<aligny>center</aligny>
						<font>Light30Spaced</font>
						<label>7</label>
						<textcolor>ff505153</textcolor>
						<focusedcolor>ffffaf37</focusedcolor>
						<texturefocus border="3">settings/button_focus.png</texturefocus>
						<texturenofocus border="3">settings/button_no_focus.png</texturenofocus>
					</control>
					<control type="button">
						<height>120</height>
						<width>638</width>
						<textoffsetx>40</textoffsetx>
						<textwidth>576</textwidth>
						<aligny>center</aligny>
						<font>Light30Spaced</font>
						<label>13200</label>
						<textcolor>ff505153</textcolor>
						<focusedcolor>ffffaf37</focusedcolor>
						<texturefocus border="3">settings/button_focus.png</texturefocus>
						<texturenofocus border="3">settings/button_no_focus.png</texturenofocus>
					</control>
					<control type="button">
						<height>120</height>
						<width>638</width>
						<textoffsetx>40</textoffsetx>
						<textwidth>576</textwidth>
						<aligny>center</aligny>
						<font>Light30Spaced</font>
						<label>138</label>
						<textcolor>ffffaf37</textcolor>
						<focusedcolor>ffffaf37</focusedcolor>
						<texturefocus border="3">settings/button_focus.png</texturefocus>
						<texturenofocus border="3">settings/button_focus.png</texturenofocus>
					</control>
					<control type="button">
						<height>120</height>
						<width>638</width>
						<textoffsetx>40</textoffsetx>
						<textwidth>576</textwidth>
						<aligny>center</aligny>
						<font>Light30Spaced</font>
						<align>right</align>
						<label>$INFO[Window(home).Property(SettingsLevel)]</label>
						<textcolor>ff505153</textcolor>
						<focusedcolor>ffdadada</focusedcolor>
						<texturefocus border="3">settings/button_focus.png</texturefocus>
						<texturenofocus border="3">settings/button_no_focus.png</texturenofocus>
					</control>
				</control>
				<control type="label">
					<left>40</left>
					<top>360</top>
					<height>120</height>
					<width>558</width>
					<aligny>center</aligny>
					<font>Light30Spaced</font>
					<label>$LOCALIZE[31016]</label>
					<textcolor>ff505153</textcolor>
				</control>
				<control type="image">
					<width>40</width>
					<height>480</height>
					<texture>settings/shadow.png</texture>
				</control>
			</control>
		</control>
		<control type="label">
			<left>198</left>
			<top>786</top>
			<width>1160</width>
			<height>64</height>
			<font>Light32</font>
			<aligny>bottom</aligny>
			<textcolor>ffdadada</textcolor>
			<label>$LOCALIZE[31127]</label>
			<wrapmultiline>true</wrapmultiline>
		</control>
		<control type="image">
			<include>FullscreenDimensions</include>
			<texture>dialogs/DialogBackground.png</texture>
			<animation delay="125" effect="fade" end="100" start="0" time="200">WindowOpen</animation>
			<animation delay="100" effect="fade" end="0" start="100" time="200">WindowClose</animation>
		</control>
		<control type="group">
			<left>198</left>
			<top>289</top>
			<width>958</width>
			<height>480</height>
			<animation reversible="false" type="WindowOpen">
				<effect end="100" start="0" time="200" type="fade" />
				<effect easing="inout" end="0,0" start="500,0" time="200" tween="sine" type="slide" />
			</animation>
			<animation reversible="false" type="WindowClose">
				<effect end="0" start="100" time="100" type="fade" />
				<effect easing="inout" end="500,0" start="0,0" time="200" tween="sine" type="slide" />
			</animation>
			<control type="image">
				<width>1437</width>
				<height>480</height>
				<texture>settings/system_info_back.png</texture>
			</control>
			<control type="label">
				<left>40</left>
				<top>14</top>
				<height>30</height>
				<width>419</width>
				<aligny>center</aligny>
				<font>Bold30</font>
				<label>$LOCALIZE[31128]</label>
				<textcolor>ffdadada</textcolor>
			</control>
			<control id="100" type="grouplist">
				<top>60</top>
				<width>479</width>
				<height>420</height>
				<itemgap>0</itemgap>
				<onleft>Back</onleft>
				<onright>noop</onright>
				<onup>noop</onup>
				<ondown>noop</ondown>
				<scrolltime>0</scrolltime>
				<control id="101" type="button">
					<height>84</height>
					<width>479</width>
					<textoffsetx>40</textoffsetx>
					<textwidth>576</textwidth>
					<aligny>center</aligny>
					<font>Light30Spaced</font>
					<label>$LOCALIZE[31129]</label>
					<textcolor>ff505153</textcolor>
					<focusedcolor>ffffaf37</focusedcolor>
					<texturefocus border="3">settings/button_focus.png</texturefocus>
					<texturenofocus border="3">settings/button_no_focus.png</texturenofocus>
				</control>
				<control id="95" type="button">
					<height>84</height>
					<width>479</width>
					<textoffsetx>40</textoffsetx>
					<textwidth>576</textwidth>
					<aligny>center</aligny>
					<font>Light30Spaced</font>
					<label>20037</label>
					<textcolor>ff505153</textcolor>
					<focusedcolor>ffffaf37</focusedcolor>
					<texturefocus border="3">settings/button_focus.png</texturefocus>
					<texturenofocus border="3">settings/button_no_focus.png</texturenofocus>
				</control>
				<control id="98" type="button">
					<height>84</height>
					<width>479</width>
					<textoffsetx>40</textoffsetx>
					<textwidth>576</textwidth>
					<aligny>center</aligny>
					<font>Light30Spaced</font>
					<label>13281</label>
					<textcolor>ff505153</textcolor>
					<focusedcolor>ffffaf37</focusedcolor>
					<texturefocus border="3">settings/button_focus.png</texturefocus>
					<texturenofocus border="3">settings/button_no_focus.png</texturenofocus>
				</control>
				<control id="97" type="button">
					<height>84</height>
					<width>479</width>
					<textoffsetx>40</textoffsetx>
					<textwidth>576</textwidth>
					<aligny>center</aligny>
					<font>Light30Spaced</font>
					<label>13280</label>
					<textcolor>ff505153</textcolor>
					<focusedcolor>ffffaf37</focusedcolor>
					<texturefocus border="3">settings/button_focus.png</texturefocus>
					<texturenofocus border="3">settings/button_no_focus.png</texturenofocus>
				</control>
				<control id="96" type="button">
					<height>84</height>
					<width>479</width>
					<textoffsetx>40</textoffsetx>
					<textwidth>576</textwidth>
					<aligny>center</aligny>
					<font>Light30Spaced</font>
					<label>13279</label>
					<textcolor>ff505153</textcolor>
					<focusedcolor>ffffaf37</focusedcolor>
					<texturefocus border="3">settings/button_focus.png</texturefocus>
					<texturenofocus border="3">settings/button_no_focus.png</texturenofocus>
				</control>
				<control id="94" type="button">
					<height>84</height>
					<width>479</width>
					<textoffsetx>40</textoffsetx>
					<textwidth>576</textwidth>
					<aligny>center</aligny>
					<font>Light30Spaced</font>
					<label>13277</label>
					<textcolor>ff505153</textcolor>
					<focusedcolor>ffffaf37</focusedcolor>
					<texturefocus border="3">settings/button_focus.png</texturefocus>
					<texturenofocus border="3">settings/button_no_focus.png</texturenofocus>
				</control>
			</control>
			<control type="grouplist">
				<left>501</left>
				<top>22</top>
				<width>889</width>
				<height>434</height>
				<itemgap>31</itemgap>
				<visible>!Control.HasFocus(101)</visible>
				<animation delay="100" effect="fade" end="100" start="0" time="200">WindowOpen</animation>
				<animation effect="fade" end="0" start="100" time="0">WindowClose</animation>
				<control id="2" type="label">
					<left>501</left>
					<top>20</top>
					<width>889</width>
					<height>31</height>
					<font>Med24</font>
					<aligny>top</aligny>
					<textcolor>ffdadada</textcolor>
					<wrapmultiline>true</wrapmultiline>
				</control>
				<control id="3" type="label">
					<left>501</left>
					<top>20</top>
					<width>889</width>
					<height>31</height>
					<font>Med24</font>
					<aligny>top</aligny>
					<textcolor>ffdadada</textcolor>
					<wrapmultiline>true</wrapmultiline>
				</control>
				<control id="4" type="label">
					<left>501</left>
					<top>20</top>
					<width>889</width>
					<height>31</height>
					<font>Med24</font>
					<aligny>top</aligny>
					<textcolor>ffdadada</textcolor>
					<wrapmultiline>true</wrapmultiline>
				</control>
				<control id="5" type="label">
					<left>501</left>
					<top>20</top>
					<width>889</width>
					<height>31</height>
					<font>Med24</font>
					<aligny>top</aligny>
					<textcolor>ffdadada</textcolor>
					<wrapmultiline>true</wrapmultiline>
				</control>
				<control id="6" type="label">
					<left>501</left>
					<top>20</top>
					<width>889</width>
					<height>31</height>
					<font>Med24</font>
					<aligny>top</aligny>
					<textcolor>ffdadada</textcolor>
					<wrapmultiline>true</wrapmultiline>
				</control>
				<control id="7" type="label">
					<left>501</left>
					<top>20</top>
					<width>889</width>
					<height>31</height>
					<font>Med24</font>
					<aligny>top</aligny>
					<textcolor>ffdadada</textcolor>
					<wrapmultiline>true</wrapmultiline>
				</control>
				<control id="8" type="label">
					<left>501</left>
					<top>20</top>
					<width>889</width>
					<height>31</height>
					<font>Med24</font>
					<aligny>top</aligny>
					<textcolor>ffdadada</textcolor>
					<wrapmultiline>true</wrapmultiline>
				</control>
				<control id="9" type="label">
					<left>501</left>
					<top>20</top>
					<width>889</width>
					<height>31</height>
					<font>Med24</font>
					<aligny>top</aligny>
					<textcolor>ffdadada</textcolor>
					<wrapmultiline>true</wrapmultiline>
				</control>
				<control id="10" type="label">
					<left>501</left>
					<top>20</top>
					<width>889</width>
					<height>31</height>
					<font>Med24</font>
					<aligny>top</aligny>
					<textcolor>ffdadada</textcolor>
					<wrapmultiline>true</wrapmultiline>
				</control>
				<control id="11" type="label">
					<left>501</left>
					<top>20</top>
					<width>889</width>
					<height>31</height>
					<font>Med24</font>
					<aligny>top</aligny>
					<textcolor>ffdadada</textcolor>
					<wrapmultiline>true</wrapmultiline>
				</control>
			</control>
			<control type="textbox">
				<left>501</left>
				<top>22</top>
				<width>889</width>
				<height>434</height>
				<font>Med24CR</font>
				<aligny>top</aligny>
				<label>$INFO[System.FriendlyName,$LOCALIZE[31158]: ,[CR]]$INFO[System.ProfileName,$LOCALIZE[31154]: ,[CR]]$INFO[System.BuildVersion,$LOCALIZE[31155]: ,[CR]]$INFO[System.FreeSpace,Storage $LOCALIZE[31156]: , / ]$INFO[System.TotalSpace,,[CR]]$LOCALIZE[31157]: $INFO[System.Date(d)] $INFO[System.Date(mmm)] $INFO[System.Date(yyyy)] $INFO[System.Time(hh:mm:ss xx)]</label>
				<textcolor>ffdadada</textcolor>
				<animation delay="100" effect="fade" end="100" start="0" time="200">WindowOpen</animation>
				<animation effect="fade" end="0" start="100" time="0">WindowClose</animation>
				<visible>Control.HasFocus(101)</visible>
			</control>
		</control>
		<!-- Hidden labels -->
		<control id="2" type="label">
			<font>-</font>
		</control>
		<control id="3" type="label">
			<font>-</font>
		</control>
		<control id="4" type="label">
			<font>-</font>
		</control>
		<control id="5" type="label">
			<font>-</font>
		</control>
		<control id="6" type="label">
			<font>-</font>
		</control>
		<control id="7" type="label">
			<font>-</font>
		</control>
		<control id="8" type="label">
			<font>-</font>
		</control>
		<control id="9" type="label">
			<font>-</font>
		</control>
		<control id="10" type="label">
			<font>-</font>
		</control>
		<control id="11" type="label">
			<font>-</font>
		</control>
	</controls>
</window>