<?xml version="1.0" encoding="UTF-8"?>
<window>
	<backgroundcolor>0xff12161b</backgroundcolor>
	<defaultcontrol always="true">40</defaultcontrol>
	<onload>SetProperty(preload,1,Home)</onload>
	<controls>
		<!-- trigger -->
		<control type="button" id="40">
			<onfocus>SetProperty(Preload,1,Home)</onfocus>
			<onfocus condition="!StringCompare(Skin.String(QuestionsAsked),1)">SetFocus(10)</onfocus>
			<onfocus condition="StringCompare(Skin.String(QuestionsAsked),1)">SetFocus(30)</onfocus>
			<texturenofocus>-</texturenofocus>
			<texturefocus>-</texturefocus>
		</control>
		<!-- ask to change stuff -->
		<control type="button" id="10">
			<onfocus condition="System.HasAddon(script.skin.helper.service) + System.GetBool(input.enablemouse)">RunScript(script.toolbox,info=yesnodialog,header=$LOCALIZE[31535],text=$LOCALIZE[31536],yesaction=RunScript(script.skin.helper.service,action=togglekodisetting,setting=input.enablemouse)||SetFocus(20),noaction=SetFocus(20),yeslabel=$LOCALIZE[107],nolabel=$LOCALIZE[106])</onfocus>
			<onfocus condition="!System.HasAddon(script.skin.helper.service) + System.GetBool(input.enablemouse)">RunScript(script.toolbox,info=okdialog,header=$LOCALIZE[31535],text=$LOCALIZE[31537])</onfocus>
			<onfocus condition="!System.HasAddon(script.skin.helper.service) | !System.GetBool(input.enablemouse)">SetFocus(20)</onfocus>
			<texturenofocus>-</texturenofocus>
			<texturefocus>-</texturefocus>
		</control>
		<!-- ask to change stuff -->
		<control type="button" id="20">
			<onfocus condition="System.HasAddon(script.skin.helper.service) + System.GetBool(filelists.showparentdiritems) + System.GetBool(musiclibrary.showallitems)">RunScript(script.toolbox,info=yesnodialog,header=$LOCALIZE[31538],text=$LOCALIZE[31539],yesaction=RunScript(script.skin.helper.service,action=togglekodisetting,setting=filelists.showparentdiritems)||RunScript(script.skin.helper.service,action=togglekodisetting,setting=musiclibrary.showallitems)||SetFocus(30),noaction=SetFocus(30),yeslabel=$LOCALIZE[107],nolabel=$LOCALIZE[106])</onfocus>
			<onfocus condition="System.HasAddon(script.skin.helper.service) + System.GetBool(filelists.showparentdiritems) + !System.GetBool(musiclibrary.showallitems)">RunScript(script.toolbox,info=yesnodialog,header=$LOCALIZE[31538],text=$LOCALIZE[31539],yesaction=RunScript(script.skin.helper.service,action=togglekodisetting,setting=filelists.showparentdiritems)||SetFocus(30),noaction=SetFocus(30),yeslabel=$LOCALIZE[107],nolabel=$LOCALIZE[106])</onfocus>
			<onfocus condition="System.HasAddon(script.skin.helper.service) + !System.GetBool(filelists.showparentdiritems) + System.GetBool(musiclibrary.showallitems)">RunScript(script.toolbox,info=yesnodialog,header=$LOCALIZE[31538],text=$LOCALIZE[31539],yesaction=RunScript(script.skin.helper.service,action=togglekodisetting,setting=musiclibrary.showallitems)||SetFocus(30),noaction=SetFocus(30),yeslabel=$LOCALIZE[107],nolabel=$LOCALIZE[106])</onfocus>
			<onfocus condition="!System.HasAddon(script.skin.helper.service) | [!System.GetBool(filelists.showparentdiritems) + !System.GetBool(musiclibrary.showallitems)]">SetFocus(30)</onfocus>
			<texturenofocus>-</texturenofocus>
			<texturefocus>-</texturefocus>
		</control>
		<!-- switch to home -->
		<control type="button" id="30">
			<onfocus condition="!StringCompare(Skin.String(QuestionsAsked),1)">Skin.SetString(QuestionsAsked,1)</onfocus>
			<!-- workaround to fill the tv channel list correclty -->
			<onfocus>SetProperty(WaitForControl,1,Home)</onfocus>
			<onfocus>AlarmClock(WaitForControl,ClearProperty(WaitForControl),00:03,silent)</onfocus>
			<onfocus>AlarmClock(PreloadTimeout,ClearProperty(PreloadTimout),00:10,silent)</onfocus>
			<onfocus condition="System.GetBool(pvrmanager.enabled)">AlarmClock(PVRWidgetWorkaround,ReplaceWindow($INFO[System.StartupWindow]),00:01,silent)</onfocus>
			<onfocus condition="!System.GetBool(pvrmanager.enabled)">ReplaceWindow($INFO[System.StartupWindow])</onfocus>
			<texturenofocus>-</texturenofocus>
			<texturefocus>-</texturefocus>
		</control>
	</controls>
</window>