<?xml version="1.0" encoding="UTF-8"?>
<includes>	
	<!-- Forced Poster -->
	<include name="ForcedViewtype60">
		<control type="group">
			<visible>Control.IsVisible(60)</visible>
			<control id="60" type="fixedlist">
				<left>-102</left>
				<top>242</top>
				<width>2036</width>
				<height>576</height>
				<onup>Back</onup>
				<ondown>1001</ondown>
				<onleft>Back</onleft>
				<onright>noop</onright>
				<onright condition="!Window.IsVisible(1103)">SetProperty(BounceRight,1,Home)</onright>
				<include>ViewTypeBounceAnimation</include>
				<defaultcontrol always="true">0</defaultcontrol>
				<preloaditems>2</preloaditems>
				<focusposition>1</focusposition>
				<viewtype label="">list</viewtype>
				<orientation>horizontal</orientation>
				<scrolltime easing="inout" tween="sine">300</scrolltime>
				<visible>StringCompare(Window(Home).Property(ForceViewType),poster) + IsEmpty(Container.PluginName) + [Container.Content(movies) | Container.Content(tvshows) | Container.Content(sets)]</visible>
				<include name="ViewOpenAnimation">
					<param name="pos1">208,10</param>
					<param name="pos2">512,-174</param>
					<param name="pos3">512,195</param>
					<param name="pos4">512,-246</param>
					<param name="pos5">512,10</param>
					<param name="pos6">512,168</param>
					<param name="pos7">512,140</param>
				</include>
				<include name="ViewPosterLayout">
					<param name="ID">60</param>
				</include>
			</control>
		</control>
	</include>

	<!-- Forced Wide -->
	<include name="ForcedViewtype61">
		<control type="group">
			<visible>Control.IsVisible(61)</visible>
			<control id="61" type="fixedlist">
				<left>-374</left>
				<top>242</top>
				<width>2344</width>
				<height>576</height>
				<onup>Back</onup>
				<ondown>1001</ondown>
				<onleft>Back</onleft>
				<onright>noop</onright>
				<onright condition="!Window.IsVisible(1103)">SetProperty(BounceRight,1,Home)</onright>
				<include>ViewTypeBounceAnimation</include>
				<defaultcontrol always="true">0</defaultcontrol>
				<preloaditems>2</preloaditems>
				<focusposition>1</focusposition>
				<viewtype label="">list</viewtype>
				<orientation>horizontal</orientation>
				<scrolltime easing="inout" tween="sine">300</scrolltime>
				<visible>StringCompare(Window(Home).Property(ForceViewType),wide) + IsEmpty(Container.PluginName) + [Container.Content(movies) | Container.Content(tvshows) | Container.Content(sets) | Container.Content(artists)]</visible>
				<include name="ViewOpenAnimation">
					<param name="pos1">186,10</param>
					<param name="pos2">490,-174</param>
					<param name="pos3">490,195</param>
					<param name="pos4">490,-246</param>
					<param name="pos5">490,10</param>
					<param name="pos6">490,168</param>
					<param name="pos7">490,140</param>
				</include>
				<include name="ViewWideLayout">
					<param name="ID">61</param>
				</include>
			</control>
		</control>
	</include>

	<!-- Square Info -->
	<include name="Viewtype50">
		<control type="group">
			<visible>Control.IsVisible(50)</visible>			
			<control id="50" type="fixedlist">
				<left>-238</left>
				<top>242</top>
				<width>2200</width>
				<height>576</height>
				<onback condition="!StringCompare(Container(50).CurrentItem,0)">Control.Move(50,$INFO[Container(50).CurrentItem,-])</onback>
				<onback condition="!StringCompare(Container(50).CurrentItem,0)">Control.Move(50,1)</onback>
				<onup>Back</onup>
				<ondown>1001</ondown>
				<onleft>Back</onleft>
				<onright>noop</onright>
				<onright condition="!Window.IsVisible(1103)">SetProperty(BounceRight,1,Home)</onright>
				<include>ViewTypeBounceAnimation</include>
				<defaultcontrol always="true">0</defaultcontrol>
				<preloaditems>2</preloaditems>
				<focusposition>1</focusposition>
				<viewtype label="">list</viewtype>
				<orientation>horizontal</orientation>
				<defaultcontrol always="true">0</defaultcontrol>
				<scrolltime easing="inout" tween="sine">300</scrolltime>
				<visible>IsEmpty(Container.PluginName) + !Window.IsActive(tvrecordings) + !Container.Content(movies) + !Container.Content(sets) + !Container.Content(tvshows) + !Container.Content(seasons) + !Container.Content(episodes) + !Container.Content(songs) + ![Container.Content(files) + SubString(Container.FolderPath,.m3u)]</visible>
				<include name="ViewOpenAnimation">
					<param name="pos1">193,10</param>
					<param name="pos2">497,-174</param>
					<param name="pos3">497,195</param>
					<param name="pos4">497,-246</param>
					<param name="pos5">497,10</param>
					<param name="pos6">497,168</param>
					<param name="pos7">497,140</param>
				</include>
				<include name="ViewSquareInfoLayout">
					<param name="ID">50</param>
				</include>
			</control>
		</control>
	</include>

	<!-- Wide -->
	<include name="Viewtype51">
		<control type="group">
			<visible>Control.IsVisible(51)</visible>
			<control id="51" type="fixedlist">
				<left>-374</left>
				<top>242</top>
				<width>2344</width>
				<height>576</height>
				<onup>Back</onup>
				<ondown>1001</ondown>
				<onleft>Back</onleft>
				<onright>noop</onright>
				<onright condition="!Window.IsVisible(1103)">SetProperty(BounceRight,1,Home)</onright>
				<include>ViewTypeBounceAnimation</include>
				<defaultcontrol always="true">0</defaultcontrol>
				<preloaditems>2</preloaditems>
				<focusposition>1</focusposition>
				<viewtype label="">list</viewtype>
				<orientation>horizontal</orientation>
				<scrolltime easing="inout" tween="sine">300</scrolltime>
				<visible>[[!StringCompare(Window(Home).Property(ForceViewType),poster) + !StringCompare(Window(Home).Property(ForceViewType),wide)] | Skin.HasSetting(WideSeasonArt) + Container.Content(seasons)] + IsEmpty(Container.PluginName) + !Window.IsActive(tvrecordings) + [[Skin.HasSetting(WideMovieArt) + [Container.Content(movies) | Container.Content(sets)]] | [Skin.HasSetting(WideTVShowArt) + Container.Content(tvshows)] | [Skin.HasSetting(WideSeasonArt) + Container.Content(seasons)]]</visible>
				<include name="ViewOpenAnimation">
					<param name="pos1">186,10</param>
					<param name="pos2">490,-174</param>
					<param name="pos3">490,195</param>
					<param name="pos4">490,-246</param>
					<param name="pos5">490,10</param>
					<param name="pos6">490,168</param>
					<param name="pos7">490,140</param>
				</include>
				<include name="ViewWideLayout">
					<param name="ID">51</param>
				</include>
			</control>
		</control>
	</include>

	<!-- Episode -->
	<include name="Viewtype52">
		<control type="group">
			<visible>Control.IsVisible(52)</visible>
			<control id="52" type="fixedlist">
				<left>-374</left>
				<top>242</top>
				<width>2344</width>
				<height>576</height>
				<onup>Back</onup>
				<ondown>1001</ondown>
				<onleft>Back</onleft>
				<onright>noop</onright>
				<onright condition="!Window.IsVisible(1103)">SetProperty(BounceRight,1,Home)</onright>
				<include>ViewTypeBounceAnimation</include>
				<defaultcontrol always="true">0</defaultcontrol>
				<preloaditems>2</preloaditems>
				<focusposition>1</focusposition>
				<viewtype label="">list</viewtype>
				<orientation>horizontal</orientation>
				<scrolltime easing="inout" tween="sine">300</scrolltime>
				<visible>IsEmpty(Container.PluginName) + !Window.IsActive(tvrecordings) + [Container.Content(episodes) | [Container.Content(files) + SubString(Container.FolderPath,.m3u)]]</visible>
				<include name="ViewOpenAnimation">
					<param name="pos1">186,10</param>
					<param name="pos2">490,-174</param>
					<param name="pos3">490,195</param>
					<param name="pos4">490,-246</param>
					<param name="pos5">490,10</param>
					<param name="pos6">490,168</param>
					<param name="pos7">490,140</param>
				</include>
				<include name="ViewEpisodeLayout">
					<param name="ID">52</param>
				</include>
			</control>
		</control>
	</include>

	<!-- Poster  -->
	<include name="Viewtype53">
		<control type="group">
			<visible>Control.IsVisible(53)</visible>
			<control id="53" type="fixedlist">
				<left>-102</left>
				<top>242</top>
				<width>2036</width>
				<height>576</height>
				<onup>Back</onup>
				<ondown>1001</ondown>
				<onleft>Back</onleft>
				<onright>noop</onright>
				<onright condition="!Window.IsVisible(1103)">SetProperty(BounceRight,1,Home)</onright>
				<include>ViewTypeBounceAnimation</include>
				<defaultcontrol always="true">0</defaultcontrol>
				<preloaditems>2</preloaditems>
				<focusposition>1</focusposition>
				<viewtype label="">list</viewtype>
				<orientation>horizontal</orientation>
				<scrolltime easing="inout" tween="sine">300</scrolltime>
				<visible>IsEmpty(Container.PluginName) + !Window.IsActive(tvrecordings) + [Container.Content(movies) | Container.Content(sets) | [!Skin.HasSetting(WideTVShowArt) + Container.Content(tvshows)] | [!Skin.HasSetting(WideSeasonArt) + Container.Content(seasons)]]</visible>
				<include name="ViewOpenAnimation">
					<param name="pos1">208,10</param>
					<param name="pos2">512,-174</param>
					<param name="pos3">512,195</param>
					<param name="pos4">512,-246</param>
					<param name="pos5">512,10</param>
					<param name="pos6">512,168</param>
					<param name="pos7">512,140</param>
				</include>
				<include name="ViewPosterLayout">
					<param name="ID">53</param>
				</include>
			</control>
		</control>
	</include>

	<!-- Addons Wide Info -->
	<include name="Viewtype55">
		<control type="group">
			<visible>Control.IsVisible(55)</visible>
			<control id="55" type="fixedlist">
				<left>-374</left>
				<top>242</top>
				<width>2344</width>
				<height>576</height>
				<onup>Back</onup>
				<ondown>1001</ondown>
				<onleft>Back</onleft>
				<onright>noop</onright>
				<onright condition="!Window.IsVisible(1103)">SetProperty(BounceRight,1,Home)</onright>
				<include>ViewTypeBounceAnimation</include>
				<defaultcontrol always="true">0</defaultcontrol>
				<preloaditems>2</preloaditems>
				<focusposition>1</focusposition>
				<viewtype label="31159">list</viewtype>
				<orientation>horizontal</orientation>
				<scrolltime easing="inout" tween="sine">300</scrolltime>
				<visible>!IsEmpty(Container.PluginName) | [!Container.Content(movies) + !Container.Content(sets) + !Container.Content(tvshows) + !Container.Content(seasons) + !Container.Content(episodes) + !Container.Content(songs)]</visible>
				<include name="ViewOpenAnimation">
					<param name="pos1">186,10</param>
					<param name="pos2">490,-174</param>
					<param name="pos3">490,195</param>
					<param name="pos4">490,-246</param>
					<param name="pos5">490,10</param>
					<param name="pos6">490,168</param>
					<param name="pos7">490,140</param>
				</include>
				<include name="ViewDefaultWideLayout">
					<param name="ID">55</param>
				</include>
			</control>
		</control>
	</include>

	<!-- Addons Square -->
	<include name="Viewtype56">
		<control type="group">
			<visible>Control.IsVisible(56)</visible>
			<control id="56" type="fixedlist">
				<left>-238</left>
				<top>242</top>
				<width>2200</width>
				<height>576</height>
				<onup>Back</onup>
				<ondown>1001</ondown>
				<onleft>Back</onleft>
				<onright>noop</onright>
				<onright condition="!Window.IsVisible(1103)">SetProperty(BounceRight,1,Home)</onright>				
				<include>ViewTypeBounceAnimation</include>
				<preloaditems>2</preloaditems>
				<focusposition>1</focusposition>
				<viewtype label="31161">list</viewtype>
				<orientation>horizontal</orientation>
				<defaultcontrol always="true">0</defaultcontrol>
				<scrolltime easing="inout" tween="sine">300</scrolltime>
				<visible>!IsEmpty(Container.PluginName) | [!Container.Content(movies) + !Container.Content(sets) + !Container.Content(tvshows) + !Container.Content(seasons) + !Container.Content(episodes) + !Container.Content(songs)]</visible>
				<include name="ViewOpenAnimation">
					<param name="pos1">193,10</param>
					<param name="pos2">497,-174</param>
					<param name="pos3">497,195</param>
					<param name="pos4">497,-246</param>
					<param name="pos5">497,10</param>
					<param name="pos6">497,168</param>
					<param name="pos7">497,140</param>
				</include>
				<include name="ViewSquareInfoLayout">
					<param name="ID">56</param>
				</include>
			</control>
		</control>
	</include>

	<!-- Addons Poster -->
	<include name="Viewtype57">
		<control type="group">
			<visible>Control.IsVisible(57)</visible>
			<control id="57" type="fixedlist">
				<left>-102</left>
				<top>242</top>
				<width>2036</width>
				<height>576</height>
				<onup>Back</onup>
				<ondown>1001</ondown>
				<onleft>Back</onleft>
				<onright>noop</onright>
				<onright condition="!Window.IsVisible(1103)">SetProperty(BounceRight,1,Home)</onright>
				<include>ViewTypeBounceAnimation</include>
				<defaultcontrol always="true">0</defaultcontrol>
				<preloaditems>2</preloaditems>
				<focusposition>1</focusposition>
				<viewtype label="31160">list</viewtype>
				<orientation>horizontal</orientation>
				<scrolltime easing="inout" tween="sine">300</scrolltime>
				<visible>!IsEmpty(Container.PluginName) | [!Container.Content(movies) + !Container.Content(sets) + !Container.Content(tvshows) + !Container.Content(seasons) + !Container.Content(episodes) + !Container.Content(songs)]</visible>
				<include name="ViewOpenAnimation">
					<param name="pos1">208,10</param>
					<param name="pos2">512,-174</param>
					<param name="pos3">512,195</param>
					<param name="pos4">512,-246</param>
					<param name="pos5">512,10</param>
					<param name="pos6">512,168</param>
					<param name="pos7">512,140</param>
				</include>
				<include name="ViewPosterLayout">
					<param name="ID">57</param>
				</include>
			</control>
		</control>
	</include>

	<!-- Songs -->	
	<include name="Viewtype54">
		<control type="group">
			<include>VisibleDelayFadeAnimation</include>
			<visible>Control.IsVisible(54)</visible>
			<!-- Album image -->
			<control type="group">
				<left>144</left>
				<top>96</top>
				<control type="image">
					<top>48</top>
					<width>480</width>
					<height>480</height>
					<aspectratio align="center">scale</aspectratio>
					<texture background="true" fallback="DefaultAlbumCover.png">$INFO[ListItem.Icon]</texture>
				</control>
				<control type="image">
					<left>-48</left>
					<centertop>288</centertop>
					<width>576</width>
					<height>576</height>
					<texture border="51">views/shadow_fo.png</texture>
				</control>
			</control>
			<!-- Artist / Album -->
			<control type="group">
				<left>691</left>
				<top>138</top>
				<control type="label">
					<width>840</width>
					<height>48</height>
					<font>Med48</font>
					<textcolor>ffbebebe</textcolor>
					<label>$INFO[Container.FolderName]</label>
				</control>
				<control type="label">
					<top>57</top>
					<width>840</width>
					<height>32</height>
					<font>Med32</font>
					<textcolor>ffbebebe</textcolor>
					<label>$VAR[AlbumArtistName]</label>
				</control>
			</control>
			<!-- List -->
			<control id="54" type="fixedlist">
				<left>668</left>
				<top>292</top>
				<width>1000</width>
				<height>900</height>
				<onup>back</onup>
				<ondown>noop</ondown>
				<onleft>2001</onleft>
				<onright>noop</onright>
				<defaultcontrol always="true">0</defaultcontrol>
				<focusposition>1</focusposition>
				<orientation>vertical</orientation>
				<viewtype label="535">list</viewtype>
				<scrolltime>0</scrolltime>
				<visible>Container.Content(songs)</visible>
				<animation condition="[!system.getbool(filelists.showparentdiritems) + StringCompare(Container(54).CurrentItem,1)] | [system.getbool(filelists.showparentdiritems) + StringCompare(Container(54).CurrentItem,0)]" effect="slide" end="0,-101" start="0,0">Conditional</animation>
				<itemlayout height="101" width="1000">
					<control type="label">
						<width>68</width>
						<height>31</height>
						<font>Light32</font>
						<align>center</align>
						<textcolor>ff646668</textcolor>
						<label>$INFO[ListItem.TrackNumber]</label>
					</control>
					<control type="label">
						<left>89</left>
						<width>892</width>
						<height>31</height>
						<font>Light32</font>
						<textcolor>ffd8d8d8</textcolor>
						<label>$INFO[ListItem.Title]</label>
						<visible>!StringCompare(ListItem.Label,..) + !IsEmpty(ListItem.Title)</visible>
					</control>
					<control type="label">
						<left>89</left>
						<width>892</width>
						<height>31</height>
						<font>Light32</font>
						<textcolor>ffd8d8d8</textcolor>
						<label>$INFO[ListItem.Label]</label>
						<visible>StringCompare(ListItem.Label,..) | IsEmpty(ListItem.Title)</visible>
					</control>
					<control type="label">
						<left>89</left>
						<width>892</width>
						<height>31</height>
						<font>Light32</font>
						<align>right</align>
						<textcolor>ff636466</textcolor>
						<label>$INFO[ListItem.Duration]</label>
					</control>
					<control type="label">
						<left>89</left>
						<top>35</top>
						<width>892</width>
						<height>28</height>
						<font>Light28</font>
						<textcolor>ff636466</textcolor>
						<label>$INFO[ListItem.Artist]</label>
						<visible>!StringCompare(ListItem.AlbumArtist,ListItem.Artist)</visible>
					</control>
				</itemlayout>
				<focusedlayout height="101" width="1000">
					<control type="label">
						<width>68</width>
						<height>31</height>
						<font>Light32</font>
						<align>center</align>
						<textcolor>ffe9a01e</textcolor>
						<selectedcolor>ffe9a01e</selectedcolor>
						<label>$INFO[ListItem.TrackNumber]</label>
					</control>
					<control type="label">
						<left>89</left>
						<width>892</width>
						<height>31</height>
						<font>Light32</font>
						<textcolor>ffe9a01e</textcolor>
						<selectedcolor>ffe9a01e</selectedcolor>
						<label>$INFO[ListItem.Title]</label>
						<visible>!StringCompare(ListItem.Label,..) + !IsEmpty(ListItem.Title)</visible>
					</control>
					<control type="label">
						<left>89</left>
						<width>892</width>
						<height>31</height>
						<font>Light32</font>
						<textcolor>ffe9a01e</textcolor>
						<selectedcolor>ffe9a01e</selectedcolor>
						<label>$INFO[ListItem.Label]</label>
						<visible>StringCompare(ListItem.Label,..) | IsEmpty(ListItem.Title)</visible>
					</control>
					<control type="label">
						<left>89</left>
						<width>892</width>
						<height>31</height>
						<font>Light32</font>
						<align>right</align>
						<textcolor>ffe9a01e</textcolor>
						<selectedcolor>ffe9a01e</selectedcolor>
						<label>$INFO[ListItem.Duration]</label>
					</control>
					<control type="label">
						<left>89</left>
						<top>35</top>
						<width>892</width>
						<height>28</height>
						<font>Light28</font>
						<textcolor>ffe9a01e</textcolor>
						<selectedcolor>ffe9a01e</selectedcolor>
						<label>$INFO[ListItem.Artist]</label>
						<visible>!StringCompare(ListItem.AlbumArtist,ListItem.Artist)</visible>
					</control>
				</focusedlayout>
			</control>
			<!-- Lower group -->
			<control type="group">
				<left>132</left>
				<top>648</top>
				<include>VisibleDelayFadeAnimation</include>
				<!-- Controls -->
				<control type="group">
					<!-- Dummy to always set focus to first visible button -->
					<control id="2001" type="button">
						<width>-8</width>
						<height>0</height>
						<label>-</label>
						<onfocus>SetFocus(2002)</onfocus>
						<include>NoTextures</include>
						<visible>!Control.HasFocus(2002) + !Control.HasFocus(2003) + !Control.HasFocus(2004) + !Control.HasFocus(2005) + !Control.HasFocus(20)</visible>
					</control>
					<control id="2002" type="button">
						<width>249</width>
						<height>100</height>
						<onleft>Back</onleft>
						<onright>20</onright>
						<onup>50</onup>
						<ondown>2003</ondown>
						<onclick>SetFocus(50)</onclick>
						<onclick>Info</onclick>
						<onclick>SetProperty(OpenMusicInformation,1,home)</onclick>
						<font>Med24</font>
						<label>$VAR[MusicType][CR]Information</label>
						<textoffsetx>28</textoffsetx>
						<textcolor>ffdadada</textcolor>
						<focusedcolor>ff222222</focusedcolor>
						<texturefocus border="13,5,6,8">views/button_fo.png</texturefocus>
						<texturenofocus border="13,3,6,6">views/button_nf.png</texturenofocus>
						<enabled>!StringCompare(ListItem.Label,..)</enabled>
					</control>
					<control id="2003" type="button">
						<top>110</top>
						<width>249</width>
						<height>100</height>
						<onleft>Back</onleft>
						<onright>2004</onright>
						<onup>2002</onup>
						<ondown>2005</ondown>
						<onclick>ReplaceWindow(MusicFiles)</onclick>
						<font>Med24</font>						
						<wrapmultiline>true</wrapmultiline>
						<label>$LOCALIZE[31087]</label>
						<textoffsetx>28</textoffsetx>
						<textcolor>ffdadada</textcolor>
						<focusedcolor>ff222222</focusedcolor>
						<texturefocus border="13,5,6,8">views/button_fo.png</texturefocus>
						<texturenofocus border="13,3,6,6">views/button_nf.png</texturenofocus>
					</control>
					<control id="2004" type="button">
						<left>247</left>
						<top>110</top>
						<width>249</width>
						<height>100</height>
						<onleft>2003</onleft>
						<onright>50</onright>
						<onup>20</onup>
						<ondown>3000</ondown>
						<onclick>SetFocus(5001)</onclick>
						<font>Med24</font>						
						<wrapmultiline>true</wrapmultiline>
						<label>$LOCALIZE[31089]</label>
						<textoffsetx>28</textoffsetx>
						<textcolor>ffdadada</textcolor>
						<focusedcolor>ff222222</focusedcolor>
						<texturefocus border="13,5,6,8">views/button_fo.png</texturefocus>
						<texturenofocus border="13,3,6,6">views/button_nf.png</texturenofocus>
					</control>
					<control id="2005" type="button">
						<top>220</top>
						<width>249</width>
						<height>100</height>
						<onleft>Back</onleft>
						<onright>50</onright>
						<onup>2003</onup>
						<ondown>noop</ondown>
						<onclick condition="!StringCompare(Playlist.Length(music),0)">ActivateWindow(musicplaylist)</onclick>
						<font>Med24</font>						
						<wrapmultiline>true</wrapmultiline>
						<label>$LOCALIZE[31088]</label>
						<textoffsetx>28</textoffsetx>
						<textcolor>ffdadada</textcolor>
						<focusedcolor>ff222222</focusedcolor>
						<visible>!StringCompare(Playlist.Length(music),0)</visible>
						<texturefocus border="13,5,6,8">views/button_fo.png</texturefocus>
						<texturenofocus border="13,3,6,6">views/button_nf.png</texturenofocus>
					</control>
					<control id="20" type="togglebutton">
						<left>247</left>
						<width>249</width>
						<height>100</height>
						<onleft>2002</onleft>
						<onright>50</onright>
						<onup>50</onup>
						<ondown>2004</ondown>
						<onclick>SetFocus(50)</onclick>
						<font>Med24</font>
						<label>$LOCALIZE[31090]</label>						
						<wrapmultiline>true</wrapmultiline>
						<altlabel>$LOCALIZE[31091]</altlabel>
						<textoffsetx>28</textoffsetx>
						<textcolor>ffdadada</textcolor>
						<focusedcolor>ff222222</focusedcolor>
						<visible>Control.IsEnabled(20)</visible>
						<usealttexture>Library.IsScanningMusic</usealttexture>
						<texturefocus border="13,5,6,8">views/button_fo.png</texturefocus>
						<texturenofocus border="13,3,6,6">views/button_nf.png</texturenofocus>
						<alttexturefocus border="13,5,6,8">views/button_fo.png</alttexturefocus>
						<alttexturenofocus border="13,3,6,6">views/button_nf.png</alttexturenofocus>
					</control>
				</control>
			</control>
		</control>
	</include>

	<!--Favourites-->
	<include name="ViewFavourites">		
		<control id="450" type="fixedlist">			
			<left>$PARAM[left]</left>
			<top>242</top>
			<width>$PARAM[width]</width>
			<height>576</height>
			<onup>Back</onup>
			<ondown>1001</ondown>
			<onleft>Back</onleft>
			<onright>noop</onright>
			<onright condition="!Window.IsVisible(1103)">SetProperty(BounceRight,1,Home)</onright>
			<preloaditems>2</preloaditems>
			<focusposition>1</focusposition>
			<viewtype label="31161">list</viewtype>
			<orientation>horizontal</orientation>
			<defaultcontrol always="true">0</defaultcontrol>
			<scrolltime easing="inout" tween="sine">300</scrolltime>
			<include>ViewTypeBounceAnimation</include>			
			<include condition="[!IsEmpty(Window(Home).Property(WidgetHasFocus)) + !StringCompare(Window(Home).Property(ForceViewType),poster) + !StringCompare(Window(Home).Property(ForceViewType),wide)] | [IsEmpty(Window(Home).Property(WidgetHasFocus)) + [StringCompare(Skin.String(FavouritesLayout),$LOCALIZE[31203]) | IsEmpty(Skin.String(FavouritesLayout))]]" name="ViewOpenAnimationDialog">
				<param name="pos1">193,10</param>
				<param name="pos2">497,-174</param>
				<param name="pos3">497,195</param>
				<param name="pos4">497,-246</param>
				<param name="pos5">497,10</param>
				<param name="pos6">497,168</param>
				<param name="pos7">497,140</param>
			</include>
			<include condition="[!IsEmpty(Window(Home).Property(WidgetHasFocus)) + StringCompare(Window(Home).Property(ForceViewType),poster) + !StringCompare(Window(Home).Property(ForceViewType),wide)] | [IsEmpty(Window(Home).Property(WidgetHasFocus)) + StringCompare(Skin.String(FavouritesLayout),$LOCALIZE[31160])]" name="ViewOpenAnimationDialog">
				<param name="pos1">208,10</param>
				<param name="pos2">512,-174</param>
				<param name="pos3">512,195</param>
				<param name="pos4">512,-246</param>
				<param name="pos5">512,10</param>
				<param name="pos6">512,168</param>
				<param name="pos7">512,140</param>
			</include>
			<include condition="[!IsEmpty(Window(Home).Property(WidgetHasFocus)) + !StringCompare(Window(Home).Property(ForceViewType),poster) + StringCompare(Window(Home).Property(ForceViewType),wide)] | [IsEmpty(Window(Home).Property(WidgetHasFocus)) + StringCompare(Skin.String(FavouritesLayout),$LOCALIZE[31159])]" name="ViewOpenAnimationDialog">
				<param name="pos1">186,10</param>
				<param name="pos2">490,-174</param>
				<param name="pos3">490,195</param>
				<param name="pos4">490,-246</param>
				<param name="pos5">490,10</param>
				<param name="pos6">490,168</param>
				<param name="pos7">490,140</param>
			</include>
			<include name="$PARAM[layout]">
				<param name="ID">450</param>
			</include>
		</control>
	</include>

	<!--Video Playlist-->
	<include name="ViewVideoPlaylist">
		<control id="50" type="fixedlist">
			<left>-374</left>
			<top>267</top>
			<width>2344</width>
			<height>576</height>
			<onup>Back</onup>
			<ondown>1001</ondown>
			<onleft>Back</onleft>
			<onright>noop</onright>
			<onright condition="!Window.IsVisible(1103)">SetProperty(BounceRight,1,Home)</onright>
			<preloaditems>2</preloaditems>
			<focusposition>1</focusposition>
			<viewtype label="">list</viewtype>
			<orientation>horizontal</orientation>
			<scrolltime easing="inout" tween="sine">300</scrolltime>
			<include>ViewTypeBounceAnimation</include>
			<include name="ViewOpenAnimation">
				<param name="pos1">186,15</param>
				<param name="pos2">490,-200</param>
				<param name="pos3">490,170</param>
				<param name="pos4">490,-271</param>
				<param name="pos5">490,-15</param>
				<param name="pos6">490,143</param>
				<param name="pos7">490,115</param>
			</include>
			<include name="ViewEpisodeLayout">
				<param name="ID">50</param>
			</include>
		</control>
	</include>

	<!--Music Playlist-->
	<include name="ViewMusicPlaylist">		
		<control id="50" type="fixedlist">
			<left>-238</left>
			<top>267</top>
			<width>2200</width>
			<height>576</height>
			<onup>Back</onup>
			<ondown>1001</ondown>
			<onleft>Back</onleft>
			<onright>noop</onright>
			<onright condition="!Window.IsVisible(1103)">SetProperty(BounceRight,1,Home)</onright>
			<preloaditems>2</preloaditems>
			<focusposition>1</focusposition>
			<viewtype label="">list</viewtype>
			<orientation>horizontal</orientation>
			<scrolltime easing="inout" tween="sine">300</scrolltime>
			<include>ViewTypeBounceAnimation</include>
			<include name="ViewOpenAnimsation">
				<param name="pos1">193,15</param>
				<param name="pos2">497,-200</param>
				<param name="pos3">497,170</param>
				<param name="pos4">497,-271</param>
				<param name="pos5">497,-15</param>
				<param name="pos6">497,143</param>
				<param name="pos7">497,115</param>
			</include>
			<include>ViewMusicPlaylistLayout</include>
		</control>
	</include>
</includes>