<?xml version="1.0" encoding="UTF-8"?>
<includes>
	<include name="Viewtype52">
		<control type="group">
			<visible>Control.IsVisible(52)</visible>
			<!-- List -->
			<control id="52" type="fixedlist">
				<left>-374</left>
				<top>242</top>
				<width>2344</width>
				<height>576</height>
				<onup>Back</onup>
				<ondown>1001</ondown>
				<onleft>Back</onleft>
				<onright>noop</onright>
				<onright condition="!Window.IsVisible(1103)">SetProperty(BounceRight,1,Home)</onright>
				<preloaditems>2</preloaditems>
				<focusposition>1</focusposition>
				<viewtype label="">list</viewtype>
				<orientation>horizontal</orientation>
				<defaultcontrol always="true">0</defaultcontrol>
				<scrolltime easing="inout" tween="sine">300</scrolltime>
				<visible>IsEmpty(Container.PluginName) + Container.Content(episodes)</visible>
				<animation condition="Window.IsVisible(1103)" reversible="false" type="Conditional">
					<effect easing="out" end="-20,0" start="0,0" time="60" tween="sine" type="slide" />
					<effect delay="80" easing="out" end="20,0" start="0,0" time="120" tween="sine" type="slide" />
				</animation>
				<animation condition="Control.HasFocus(55) | Control.HasFocus(2003) | Control.HasFocus(2004) | Control.HasFocus(3001)" effect="fade" end="0" start="100" time="200">Conditional</animation>
				<itemlayout height="576" width="572">
					<control type="group">
						<animation center="316,288" condition="true" effect="zoom" end="85" start="85">Conditional</animation>
						<control type="image">
							<top>48</top>
							<width>640</width>
							<height>480</height>
							<aspectratio align="center">scale</aspectratio>
							<texture background="true" fallback="views/episode_fallback.png">$VAR[WideImage]</texture>
						</control>
						<control type="image">
							<top>48</top>
							<width>640</width>
							<height>480</height>
							<aspectratio align="center">scale</aspectratio>
							<texture>views/episode_fallback.png</texture>
							<visible>Skin.HasSetting(HideUnwatchedThumbs) + !StringCompare(ListItem.Overlay,OverlayWatched.png) + !ListItem.IsParentFolder</visible>
						</control>
						<control type="image">
							<left>119</left>
							<top>328</top>
							<width>400</width>
							<height>155</height>
							<aspectratio align="center" aligny="top">keep</aspectratio>
							<texture background="true">$INFO[ListItem.Art(clearlogo)]</texture>
						</control>
						<control type="image">
							<top>48</top>
							<width>90</width>
							<height>90</height>
							<texture>views/OverlayHD.png</texture>
							<visible>IntegerGreaterThan(ListItem.VideoResolution,719)</visible>
						</control>
						<control type="image">
							<top>48</top>
							<width>90</width>
							<height>90</height>
							<texture>views/OverlayWatched.png</texture>
							<visible>StringCompare(ListItem.Overlay,OverlayWatched.png)</visible>
						</control>
						<control type="image">
							<top>48</top>
							<width>640</width>
							<height>480</height>
							<visible>!ListItem.IsParentFolder</visible>
							<texture border="2">views/season_overlay.png</texture>
						</control>
						<control type="progress">
							<top>515</top>
							<width>640</width>
							<height>12</height>
							<info>ListItem.PercentPlayed</info>
							<texturebg border="2">views/ProgressBack.png</texturebg>
							<lefttexture>-</lefttexture>
							<midtexture border="2">views/ProgressBar.png</midtexture>
							<righttexture>-</righttexture>
							<overlaytexture>-</overlaytexture>
							<visible>ListItem.IsResumable</visible>
						</control>
						<control type="image">
							<top>515</top>
							<width>640</width>
							<height>12</height>
							<texture border="2">views/ProgressBar.png</texture>
							<visible>StringCompare(ListItem.Overlay,OverlayWatched.png) + !ListItem.IsResumable</visible>
						</control>
						<control type="image">
							<left>-48</left>
							<centertop>288</centertop>
							<width>736</width>
							<height>576</height>
							<texture border="66,66,51,51">views/shadow_nf.png</texture>
						</control>
						<control type="label">
							<left>18</left>
							<top>427</top>
							<width>604</width>
							<height>42</height>
							<font>Bold44</font>
							<textcolor>ffffffff</textcolor>
							<shadowcolor>88000000</shadowcolor>
							<label>$VAR[EpisodeValue]</label>
							<visible>!ListItem.IsParentFolder</visible>
						</control>
						<control type="image">
							<top>48</top>
							<width>640</width>
							<height>480</height>
							<texture>views/OverlayNF.png</texture>
						</control>
					</control>
				</itemlayout>
				<focusedlayout height="576" width="572">
					<control type="button">
						<texturefocus>-</texturefocus>
						<texturenofocus>-</texturenofocus>
						<onfocus>SetProperty(ContentEpisodes,1,home)</onfocus>
						<onfocus condition="!IsEmpty(Window(home).Property(ButtonFocus))">ClearProperty(ButtonFocus,home)</onfocus>
						<onfocus condition="ListItem.IsResumable">SetProperty(PercentRemaining,$VAR[PercentRemaining],home)</onfocus>
					</control>
					<control type="group">
						<animation center="316,288" easing="inout" effect="zoom" end="100" start="85" time="300" tween="sine">Focus</animation>
						<animation center="316,288" condition="Container(52).OnNext | Container(52).OnPrevious" easing="inout" effect="zoom" end="85" start="100" time="300" tween="sine">UnFocus</animation>
						<animation center="316,288" condition="Control.HasFocus(4000)" easing="inout" effect="zoom" end="85" start="100" time="300" tween="sine">Conditional</animation>
						<control type="image">
							<top>48</top>
							<width>640</width>
							<height>480</height>
							<aspectratio align="center">scale</aspectratio>
							<texture background="true" fallback="views/episode_fallback.png">$VAR[WideImage]</texture>
						</control>
						<control type="image">
							<top>48</top>
							<width>640</width>
							<height>480</height>
							<aspectratio align="center">scale</aspectratio>
							<texture>views/episode_fallback.png</texture>
							<visible>Skin.HasSetting(HideUnwatchedThumbs) + !StringCompare(ListItem.Overlay,OverlayWatched.png) + !ListItem.IsParentFolder</visible>
						</control>
						<control type="image">
							<left>119</left>
							<top>328</top>
							<width>400</width>
							<height>155</height>
							<aspectratio align="center" aligny="top">keep</aspectratio>
							<texture background="true">$INFO[ListItem.Art(clearlogo)]</texture>
						</control>
						<control type="image">
							<top>48</top>
							<width>90</width>
							<height>90</height>
							<texture>views/OverlayHD.png</texture>
							<visible>IntegerGreaterThan(ListItem.VideoResolution,719)</visible>
						</control>
						<control type="image">
							<top>48</top>
							<width>90</width>
							<height>90</height>
							<texture>views/OverlayWatched.png</texture>
							<visible>StringCompare(ListItem.Overlay,OverlayWatched.png)</visible>
						</control>
						<control type="image">
							<top>48</top>
							<width>640</width>
							<height>480</height>
							<visible>!ListItem.IsParentFolder</visible>
							<texture border="2">views/season_overlay.png</texture>
						</control>
						<control type="progress">
							<top>515</top>
							<width>640</width>
							<height>12</height>
							<info>ListItem.PercentPlayed</info>
							<texturebg border="2">views/ProgressBack.png</texturebg>
							<lefttexture>-</lefttexture>
							<midtexture border="2">views/ProgressBar.png</midtexture>
							<righttexture>-</righttexture>
							<overlaytexture>-</overlaytexture>
							<visible>ListItem.IsResumable</visible>
						</control>
						<control type="image">
							<top>515</top>
							<width>640</width>
							<height>12</height>
							<texture border="2">views/ProgressBar.png</texture>
							<visible>StringCompare(ListItem.Overlay,OverlayWatched.png) + !ListItem.IsResumable</visible>
						</control>
						<control type="image">
							<left>-48</left>
							<centertop>288</centertop>
							<width>736</width>
							<height>576</height>
							<texture border="51">views/shadow_fo.png</texture>
							<animation center="auto" condition="Control.HasFocus(52) | Container(52).OnNext | Container(52).OnPrevious" easing="inout" effect="fade" end="100" start="0" time="300" tween="sine">Focus</animation>
							<animation center="auto" condition="Container(52).OnNext | Container(52).OnPrevious" easing="inout" effect="fade" end="0" start="100" time="300" tween="sine">UnFocus</animation>
						</control>
						<control type="image">
							<left>-48</left>
							<centertop>288</centertop>
							<width>736</width>
							<height>576</height>
							<texture border="66,66,51,51">views/shadow_nf.png</texture>
							<animation center="auto" condition="Control.HasFocus(51)" easing="inout" effect="fade" end="0" start="100" time="300" tween="sine">Focus</animation>
							<animation center="auto" condition="Control.HasFocus(51)" easing="inout" effect="fade" end="100" start="0" time="300" tween="sine">UnFocus</animation>
						</control>
						<control type="label">
							<left>18</left>
							<top>416</top>
							<width>604</width>
							<height>28</height>
							<font>Med28</font>
							<textcolor>ffffc448</textcolor>
							<shadowcolor>88000000</shadowcolor>
							<label>$VAR[PercentRemaining]</label>
							<visible>!ListItem.IsParentFolder</visible>
							<animation condition="Control.HasFocus(52) | Container(52).OnNext | Container(52).OnPrevious" delay="700" easing="inout" effect="fade" end="100" reversible="false" start="0" time="220" tween="sine">Focus</animation>
							<animation condition="Container(52).OnNext | Container(52).OnPrevious" effect="fade" end="0" start="100" time="0">UnFocus</animation>
						</control>
						<control type="label">
							<left>18</left>
							<top>448</top>
							<width>604</width>
							<height>42</height>
							<font>Bold44</font>
							<scroll>false</scroll>
							<textcolor>ffffffff</textcolor>
							<shadowcolor>88000000</shadowcolor>
							<label>$VAR[EpisodeValue]</label>
							<visible>!ListItem.IsParentFolder</visible>
							<animation condition="Control.HasFocus(52) | Container(52).OnNext | Container(52).OnPrevious" delay="560" easing="inout" effect="slide" end="0,0" reversible="false" start="0,-21" time="220" tween="sine">Focus</animation>
							<animation condition="Container(52).OnNext | Container(52).OnPrevious" effect="slide" end="0,-21" start="0,0" time="0">UnFocus</animation>
						</control>
						<control type="image">
							<top>48</top>
							<width>640</width>
							<height>480</height>
							<texture>views/OverlayNF.png</texture>
							<animation center="auto" condition="Control.HasFocus(52)" easing="inout" effect="fade" end="0" start="100" time="300" tween="sine">Focus</animation>
							<animation center="auto" condition="Control.HasFocus(52)" easing="inout" effect="fade" end="100" start="0" time="300" tween="sine">UnFocus</animation>
						</control>
					</control>
				</focusedlayout>
			</control>
		</control>
	</include>
</includes>