<?xml version="1.0" encoding="UTF-8"?>
<window>
	<!-- contentsettings -->
	<defaultcontrol always="true">20</defaultcontrol>
	<controls>
		<include>DialogBackgroundImage</include>
		<!-- Main group -->
		<control type="group">
			<include>DialogAnimation</include>
			<centerleft>50%</centerleft>
			<centertop>50%</centertop>
			<width>1337</width>
			<height>564</height>
			<control type="image">
				<width>1337</width>
				<height>564</height>
				<texture>dialogs/network_back.png</texture>
			</control>
			<!-- Heading -->
			<control type="label">
				<left>40</left>
				<top>14</top>
				<height>30</height>
				<width>937</width>
				<aligny>center</aligny>
				<font>Bold30</font>
				<label>20333</label>
				<textcolor>ffdadada</textcolor>
			</control>
			<control type="group" id="9000">
				<top>60</top>
				<width>937</width>
				<!-- Content Picker -->
				<control type="button" id="20">
					<width>937</width>
					<height>84</height>
					<onright>9001</onright>
					<ondown>21</ondown>
					<font>Light32</font>
					<textoffsetx>40</textoffsetx>
					<textcolor>ff505153</textcolor>
					<focusedcolor>ffffaf37</focusedcolor>
					<texturefocus border="3">settings/button_focus.png</texturefocus>
					<texturenofocus border="3">settings/button_no_focus.png</texturenofocus>
					<aligny>center</aligny>
				</control>
				<!-- Content provider (empty) -->
				<control type="button">
					<top>84</top>
					<width>937</width>
					<height>84</height>
					<onup>20</onup>
					<onright>9001</onright>
					<ondown>5</ondown>
					<font>Light32</font>
					<label>38025</label>
					<textoffsetx>40</textoffsetx>
					<textcolor>DisabledColor</textcolor>
					<focusedcolor>ffffaf37</focusedcolor>
					<texturefocus border="3">settings/button_focus.png</texturefocus>
					<texturenofocus border="3">settings/button_no_focus.png</texturenofocus>
					<aligny>center</aligny>
				</control>
				<!-- Content provider -->
				<control type="button" id="21">
					<top>84</top>
					<width>937</width>
					<height>84</height>
					<onup>20</onup>
					<onright>9001</onright>
					<ondown>5</ondown>
					<font>Light32</font>
					<textoffsetx>40</textoffsetx>
					<textcolor>ff505153</textcolor>
					<focusedcolor>ffffaf37</focusedcolor>
					<texturefocus border="3">settings/button_focus.png</texturefocus>
					<texturenofocus border="3">settings/button_no_focus.png</texturenofocus>
					<aligny>center</aligny>
				</control>
				<!-- Control grouplist -->
				<control type="grouplist" id="5">
					<top>168</top>
					<width>937</width>
					<height>504</height>
					<itemgap>0</itemgap>
					<onleft>21</onleft>
					<onright>9001</onright>
					<onup>21</onup>
					<ondown>noop</ondown>
					<scrolltime>0</scrolltime>
					<orientation>vertical</orientation>
					<usecontrolcoords>true</usecontrolcoords>
				</control>
				<!-- Default button -->
				<control type="button" id="7">
					<width>937</width>
					<height>84</height>
					<font>Light32</font>
					<textwidth>857</textwidth>
					<textoffsetx>40</textoffsetx>
					<textcolor>ff505153</textcolor>
					<focusedcolor>ffffaf37</focusedcolor>
					<texturefocus border="3">settings/button_focus.png</texturefocus>
					<texturenofocus border="3">settings/button_no_focus.png</texturenofocus>
				</control>
				<!-- Default radiobutton -->
				<control type="radiobutton" id="8">
					<width>937</width>
					<height>84</height>
					<font>Light32</font>
					<textwidth>717</textwidth>
					<textoffsetx>40</textoffsetx>
					<textcolor>ff505153</textcolor>
					<focusedcolor>ffffaf37</focusedcolor>
					<radiowidth>125</radiowidth>
					<radioheight>53</radioheight>
					<radioposx>773</radioposx>
					<textureradioonfocus>settings/radio_on_focus.png</textureradioonfocus>
					<textureradioonnofocus>settings/radio_on_no_focus.png</textureradioonnofocus>
					<textureradioondisabled>settings/radio_on_disabled.png</textureradioondisabled>
					<textureradioofffocus>settings/radio_off_focus.png</textureradioofffocus>
					<textureradiooffnofocus>settings/radio_off_no_focus.png</textureradiooffnofocus>
					<textureradiooffdisabled>settings/radio_off_disabled.png</textureradiooffdisabled>
					<texturefocus border="3">settings/button_focus.png</texturefocus>
					<texturenofocus border="3">settings/button_no_focus.png</texturenofocus>
				</control>
			</control>
			<!-- Right grouplist -->
			<control type="grouplist" id="9001">
				<right>24</right>
				<bottom>33</bottom>
				<width>351</width>
				<height>420</height>
				<onleft>9000</onleft>
				<onright>noop</onright>
				<onup>noop</onup>
				<ondown>noop</ondown>
				<onback>9000</onback>
				<itemgap>10</itemgap>
				<align>right</align>
				<!-- Settings Button -->
				<control type="button" id="22">
					<width>351</width>
					<height>76</height>
					<aligny>top</aligny>
					<font>Med24</font>
					<textoffsetx>23</textoffsetx>
					<textoffsety>27</textoffsety>
					<label>5</label>
					<visible>Control.IsEnabled(22)</visible>
				</control>
				<!-- Cancel Button -->
				<control type="button" id="29">
					<width>351</width>
					<height>76</height>
					<aligny>top</aligny>
					<font>Med24</font>
					<textoffsetx>23</textoffsetx>
					<textoffsety>27</textoffsety>
					<label>222</label>
					<visible>Control.IsEnabled(29)</visible>
				</control>
				<!-- OK Button -->
				<control type="button" id="28">
					<width>351</width>
					<height>76</height>
					<aligny>top</aligny>
					<font>Med24</font>
					<textoffsetx>23</textoffsetx>
					<textoffsety>27</textoffsety>
					<label>186</label>
					<visible>Control.IsEnabled(28)</visible>
				</control>
			</control>
		</control>
	</controls>
</window>