<?xml version="1.0" encoding="UTF-8"?>
<window>
	<defaultcontrol always="true">3012</defaultcontrol>
	<onload>Dialog.Close(fullscreeninfo,true)</onload>
	<onload>Dialog.Close(videoosd,true)</onload>
	<controls>
		<control type="label" id="3000">
			<visible>false</visible>
		</control>
		<control type="textbox" id="3001">
			<visible>false</visible>
		</control>
		<control type="label" id="3002">
			<visible>false</visible>
		</control>
		<control type="label" id="3003">
			<visible>false</visible>
		</control>
		<control type="label" id="3004">
			<visible>false</visible>
		</control>
		<control type="image" id="3005">
			<visible>false</visible>
		</control>
		<control type="image" id="3006">
			<visible>false</visible>
		</control>
		<control type="image" id="3008">
			<visible>false</visible>
		</control>
		<control type="image" id="3009">
			<visible>false</visible>
		</control>
		<control type="image" id="3010">
			<visible>false</visible>
		</control>
		<control type="label" id="3011">
			<visible>false</visible>
		</control>
		<control type="button" id="3012">
			<include>HiddenControl</include>
			<onback>SendClick(3013)</onback>
		</control>
		<control type="button" id="3013">
			<include>HiddenControl</include>
		</control>
		<control type="label" id="3015">
			<visible>false</visible>
		</control>
		<control type="label" id="3016">
			<visible>false</visible>
		</control>
		<control type="label" id="3018">
			<visible>false</visible>
		</control>
		<control type="group">
			<left>1472</left>
			<top>573</top>
			<width>328</width>
			<!--  Next up label -->
			<control type="label">
				<width>auto</width>
				<height>50</height>
				<font>Med40</font>
				<textcolor>ffffffff</textcolor>
				<shadowcolor>ff080808</shadowcolor>
				<label>31164</label>
			</control>
			<!-- Next episode thumb -->
			<control type="image">
				<top>70</top>
				<width>328</width>
				<height>245</height>
				<texture>views/episode_fallback.png</texture>
				<aspectratio>scale</aspectratio>
			</control>
			<control type="image">
				<top>70</top>
				<width>328</width>
				<height>245</height>
				<aspectratio>scale</aspectratio>
				<texture>$VAR[NextUpThumb]</texture>
			</control>
			<control type="image">
				<top>70</top>
				<width>328</width>
				<height>245</height>
				<aspectratio align="center">scale</aspectratio>
				<texture>views/episode_fallback.png</texture>
				<visible>Skin.HasSetting(HideUnwatchedThumbs) + !IntegerGreaterThan(Control.GetLabel(3018),0)</visible>
			</control>
			<!-- Next episode countdown -->
			<control type="image">
				<left>109</left>
				<top>138</top>
				<width>110</width>
				<height>110</height>
				<texture>$VAR[NextEpisodeCountdown]</texture>
			</control>
			<control type="image">
				<top>315</top>
				<width>328</width>
				<height>68</height>
				<texture>osd/nextup/background.png</texture>
			</control>
			<!--  Next episode label -->
			<control type="label">
				<top>329</top>
				<width>328</width>
				<height>40</height>
				<font>Light28</font>
				<align>center</align>
				<textcolor>ff000000</textcolor>
				<label>$INFO[Control.GetLabel(3016),$LOCALIZE[31228] $LOCALIZE[20359] ]</label>
			</control>
			<!--  Close NextUp label -->
			<control type="label">
				<right>55</right>
				<top>414</top>
				<width>328</width>
				<height>40</height>
				<font>Light27</font>
				<align>right</align>
				<textcolor>ffffffff</textcolor>
				<shadowcolor>ff080808</shadowcolor>
				<label>$LOCALIZE[31229]</label>
			</control>
			<!--  Close NextUp image -->
			<control type="image">
				<right>0</right>
				<top>413</top>
				<width>44</width>
				<height>44</height>
				<texture>osd/nextup/back.png</texture>
			</control>
		</control>
	</controls>
</window>