<?xml version='1.0' encoding='UTF-8'?>
<shortcuts>
    <shortcut>
        <label>19019</label>
        <label2>Common Shortcut</label2>
        <icon>special://skin/extras/icons/channels.png</icon>
        <action>ActivateWindow(TVChannels)</action>
    </shortcut>
    <shortcut>
        <label>19069</label>
        <label2>Common Shortcut</label2>
        <icon>special://skin/extras/icons/guide.png</icon>
        <action>ActivateWindow(TVGuide)</action>
    </shortcut>
    <shortcut>
        <label>19017</label>
        <label2>Common Shortcut</label2>
        <icon>special://skin/extras/icons/recordings.png</icon>
        <action>ActivateWindow(TVRecordings)</action>
    </shortcut>
    <shortcut>
        <label>19040</label>
        <label2>Common Shortcut</label2>
        <icon>special://skin/extras/icons/timers.png</icon>
        <action>ActivateWindow(TVTimers)</action>
    </shortcut>
    <shortcut>
        <label>19138</label>
        <label2>Common Shortcut</label2>
        <icon>special://skin/extras/icons/timer-rules.png</icon>
        <action>ActivateWindow(TVTimerRules)</action>
    </shortcut>
    <shortcut>
        <label>137</label>
        <label2>Common Shortcut</label2>
        <icon>special://skin/extras/icons/tv-search.png</icon>
        <action>ActivateWindow(TVSearch)</action>
    </shortcut>
</shortcuts>
