<?xml version='1.0' encoding='UTF-8'?>
<shortcuts>
    <shortcut>
        <label>744</label>
        <label2>Common Shortcut</label2>
        <icon>special://skin/extras/icons/files.png</icon>
        <action>ActivateWindow(Videos,Files,return)</action>
    </shortcut>
    <shortcut>
        <label>136</label>
        <label2>Common Shortcut</label2>
        <icon>special://skin/extras/icons/playlist.png</icon>
        <action>ActivateWindow(Videos,special://videoplaylists/,return)</action>
    </shortcut>
    <shortcut>
        <label>31076</label>
        <label2>Common Shortcut</label2>
        <icon>special://skin/extras/icons/dvd.png</icon>
        <action>PlayDVD</action>
    </shortcut>
    <shortcut>
        <label>20314</label>
        <label2>Common Shortcut</label2>
        <icon>special://skin/extras/icons/videos.png</icon>
        <action>ActivateWindow(Videos,root,return)</action>
    </shortcut>
</shortcuts>
