<?xml version="1.0" encoding="UTF-8" standalone="yes"?>
<addon id="plugin.program.firetvupdater" name="Fire TV Updater" version="1.8" provider-name="John">
  <requires>
    <import addon="xbmc.python" version="2.1.0"/>
  </requires>
  <extension point="xbmc.python.pluginsource" library="default.py">
        <provides>executable</provides>
  </extension>
  <extension point="xbmc.service" library="service.py" start="startup" />
  <extension point="xbmc.addon.metadata">
    <summary lang="en">Fire TV Updater</summary>
    <description lang="en">In this tool you will find the latest update from John and tools to maintain your Kodi setup.</description>
	<disclaimer lang="en">I do not host nor control the content found within!!!!!</disclaimer>
		<forum> kodifiretvsticks@gmail.com</forum>
		<source> kodifiretvsticks@gmail.com</source>
		<website>http://johnsrepairs.com</website>
    <platform>all</platform> 
  </extension>
</addon>
