﻿<?xml version="1.0" encoding="UTF-8" standalone="yes"?>
<addon id="repository.firetvstick" name="Fire TV Stick Repository" version="0.0.6" provider-name="John">
	<extension point="xbmc.addon.repository" name="Demonstration Add-on Repository">
		<info compressed="false">https://raw.githubusercontent.com/kodifiretvsticks/firetvstick/master/addons.xml</info>
		<checksum>https://raw.githubusercontent.com/kodifiretvsticks/firetvstick/master/addons.xml.md5</checksum>
		<datadir zip="true">https://raw.githubusercontent.com/kodifiretvsticks/firetvstick/master/zips</datadir>
	</extension>
	<extension point="xbmc.addon.metadata">
		<summary>Fire TV Stick Repository</summary>
		<description>This is where we update the addons that are maintained by us</description>
		<disclaimer></disclaimer>
		<platform>all</platform>
	</extension>
</addon>