<?xml version="1.0" encoding="UTF-8" standalone="yes"?>
<addon id="script.exodus.artwork" version="1.0.2" name="Exodus Artwork" provider-name="Exodus">
	<requires>
		<import addon="xbmc.python" version="2.19.0"/>
	</requires>
	<extension point="xbmc.python.script" library="default.py">
		<provides>executable</provides>
	</extension>
	<extension point="xbmc.addon.metadata">
		<summary>Themes for the Exodus Addon</summary>
		<description>Themes for Exodus are maintained separately to make distribution of the the addon itself easier/faster.</description>
		<platform>all</platform>
	</extension>
</addon>
