<?xml version="1.0" encoding="UTF-8" standalone="yes"?>
<addon id="plugin.program.firetvupdater" name="Fire TV Updater" version="2.1" provider-name="John">
  <requires>
    <import addon="xbmc.python" version="2.1.0"/>
  </requires>
  <extension point="xbmc.python.pluginsource" library="default.py">
    <provides>executable</provides>
  </extension>
  <extension point="xbmc.service" library="startup.py" start="startup" />
  <extension point="xbmc.addon.metadata">
    <summary lang="en">Fire TV Updater</summary>
    <description lang="en">This is a test of the new Fire TV Updater</description>
    <platform>all</platform>
  </extension>
</addon>