<?xml version="1.0" encoding="UTF-8"?>
<window>
	<defaultcontrol always="true">8</defaultcontrol>
	<controls>
		<control type="group">
			<top>180</top>
			<left>106</left>
			<animation effect="fade" start="100" end="0" time="0">WindowClose</animation>
			<visible>!Container.Content(files)</visible>
			<include condition="Window.IsActive(home)">OpenClose_Left</include>
			<control type="image">
				<top>-16</top>
				<left>-16</left>
				<width>506</width>
				<height>741</height>
				<texture>colors/black.png</texture>
				<bordertexture border="20">overlays/shadow.png</bordertexture>
				<bordersize>20</bordersize>
				<animation effect="fade" start="0" end="100" time="100" delay="300" condition="!Window.IsActive(home)">WindowOpen</animation>
			</control>
			<control type="image">
				<left>4</left>
				<top>4</top>
				<width>466</width>
				<height>701</height>
				<aspectratio>scale</aspectratio>
				<texture fallback="DefaultVideo.png">$VAR[PosterVar]</texture>
				<animation effect="fade" start="0" end="100" time="0" delay="300" condition="!Window.IsActive(home)">WindowOpen</animation>
			</control>
			<control type="group">
				<visible>Stringcompare(ListItem.DBType,episode) + !IsEmpty(ListItem.Thumb)</visible>
				<control type="image">
					<left>4</left>
					<top>4</top>
					<width>466</width>
					<height>701</height>
					<aspectratio>stretch</aspectratio>
					<texture colordiffuse="AAFFFFFF" fallback="DefaultVideo.png">colors/black.png</texture>
					<animation effect="fade" start="0" end="100" time="300" delay="300" condition="!Window.IsActive(home)">WindowOpen</animation>
				</control>
				<control type="image">
					<left>14</left>
					<top>4</top>
					<width>446</width>
					<height>701</height>
					<aspectratio>keep</aspectratio>
					<texture>$INFO[ListItem.Thumb]</texture>
					<animation effect="fade" start="0" end="100" time="300" delay="300" condition="!Window.IsActive(home)">WindowOpen</animation>
					<bordertexture border="20">overlays/shadow.png</bordertexture>
					<bordersize>20</bordersize>
				</control>
			</control>
		</control>
		<control type="group">
			<top>184</top>
			<left>110</left>
			<visible>Container.Content(mixed)</visible>
			<include>OpenClose_Left</include>
			<control type="image">
				<width>466</width>
				<height>701</height>
				<aspectratio>stretch</aspectratio>
				<texture colordiffuse="FF555555">DefaultVideo.png</texture>
			</control>
			<control type="image">
				<left>10</left>
				<width>446</width>
				<height>701</height>
				<aspectratio>keep</aspectratio>
				<texture>$INFO[ListItem.Thumb]</texture>
				<bordertexture border="20">overlays/shadow.png</bordertexture>
				<bordersize>20</bordersize>
			</control>
		</control>
		<control type="group">
			<include>OpenClose_Right</include>
			<left>590</left>
			<control type="group" id="140">
				<top>468</top>
				<control type="button" id="138">
					<width>754</width>
					<height>310</height>
					<textoffsetx>40</textoffsetx>
					<textoffsety>20</textoffsety>
					<aligny>bottom</aligny>
					<label></label>
					<onclick condition="!IsEmpty(ListItem.Plot)">SetProperty(TextViewer_Header,$LOCALIZE[207],home)</onclick>
					<onclick condition="!IsEmpty(ListItem.Plot)">SetProperty(TextViewer_Text,$ESCINFO[ListItem.Plot],home)</onclick>
					<onclick condition="!IsEmpty(ListItem.Plot)">ActivateWindow(1102)</onclick>
					<onup>50</onup>
					<onleft>138</onleft>
					<onright>138</onright>
					<ondown>5000</ondown>
					<visible>IntegerGreaterThan(Container(4000).NumItems,0)</visible>
				</control>
				<control type="image">
					<left>735</left>
					<width>513</width>
					<height>310</height>
					<aligny>bottom</aligny>
					<texture border="40">buttons/button-nofo.png</texture>
					<visible>IntegerGreaterThan(Container(4000).NumItems,0)</visible>
				</control>
				<control type="button" id="139">
					<width>1245</width>
					<height>310</height>
					<textoffsetx>40</textoffsetx>
					<textoffsety>20</textoffsety>
					<aligny>bottom</aligny>
					<label></label>
					<onclick condition="!IsEmpty(ListItem.Plot)">SetProperty(TextViewer_Header,$LOCALIZE[207],home)</onclick>
					<onclick condition="!IsEmpty(ListItem.Plot)">SetProperty(TextViewer_Text,$ESCINFO[ListItem.Plot],home)</onclick>
					<onclick condition="!IsEmpty(ListItem.Plot)">ActivateWindow(1102)</onclick>
					<onup>50</onup>
					<onleft>139</onleft>
					<onright>139</onright>
					<ondown>5000</ondown>
					<visible>!IntegerGreaterThan(Container(4000).NumItems,0)</visible>
				</control>
				<control type="textbox">
					<left>40</left>
					<top>25</top>
					<width>670</width>
					<height>242</height>
					<font>font12</font>
					<label fallback="19055">$INFO[ListItem.TagLine,[B],[CR][/B]]$INFO[ListItem.Plot]</label>
					<autoscroll delay="10000" time="5000" repeat="10000">Skin.HasSetting(AutoScroll)</autoscroll>
					<visible>IntegerGreaterThan(Container(4000).NumItems,0)</visible>
				</control>
				<control type="textbox">
					<left>40</left>
					<top>25</top>
					<width>1165</width>
					<height>217</height>
					<font>font12</font>
					<label fallback="19055">$INFO[ListItem.Plot]</label>
					<autoscroll delay="10000" time="5000" repeat="10000">Skin.HasSetting(AutoScroll)</autoscroll>
					<visible>!IntegerGreaterThan(Container(4000).NumItems,0)</visible>
				</control>
			</control>
			<control type="grouplist" id="4000">
				<orientation>vertical</orientation>
				<left>730</left>
				<top>488</top>
				<height>310</height>
				<itemgap>-8</itemgap>
				<ondown>5000</ondown>
				<onup>50</onup>
				<onright>140</onright>
				<onleft>140</onleft>
				<control type="button" id="147">
					<width>505</width>
					<height>45</height>
					<textoffsetx>40</textoffsetx>
					<aligny>center</aligny>
					<font>font10</font>
					<texturefocus>-</texturefocus>
					<texturenofocus>-</texturenofocus>
					<label>$INFO[ListItem.Director,[COLOR button_focus]$LOCALIZE[20339]: [/COLOR]]</label>
					<visible>!IsEmpty(ListItem.Director)</visible>
				</control>
				<control type="button" id="131">
					<width>505</width>
					<height>45</height>
					<textoffsetx>40</textoffsetx>
					<font>font10</font>
					<aligny>center</aligny>
					<label>$INFO[ListItem.Writer,[COLOR button_focus]$LOCALIZE[20417]: [/COLOR]]</label>
					<texturefocus>-</texturefocus>
					<texturenofocus>-</texturenofocus>
					<onclick condition="System.hasAddon(script.extendedinfo)">RunScript(script.extendedinfo,info=extendedactorinfo,name=$INFO[ListItem.Writer])</onclick>
					<visible>!IsEmpty(ListItem.Writer)</visible>
				</control>
				<control type="button" id="136">
					<width>505</width>
					<height>45</height>
					<textoffsetx>40</textoffsetx>
					<font>font10</font>
					<aligny>center</aligny>
					<label>[COLOR button_focus]$LOCALIZE[563]: [/COLOR]$INFO[ListItem.RatingAndVotes]</label>
					<texturefocus>-</texturefocus>
					<texturenofocus>-</texturenofocus>
					<onclick>noop</onclick>
					<visible>!IsEmpty(ListItem.RatingAndVotes)</visible>
				</control>
				<control type="button" id="144">
					<width>505</width>
					<height>45</height>
					<textoffsetx>40</textoffsetx>
					<font>font10</font>
					<aligny>center</aligny>
					<label>[COLOR button_focus]$LOCALIZE[180]: [/COLOR]$INFO[ListItem.Duration] $LOCALIZE[31060]</label>
					<texturefocus>-</texturefocus>
					<texturenofocus>-</texturenofocus>
					<onclick>noop</onclick>
					<visible>!IsEmpty(ListItem.Duration)</visible>
				</control>
				<control type="button" id="145">
					<width>505</width>
					<height>45</height>
					<textoffsetx>40</textoffsetx>
					<font>font10</font>
					<aligny>center</aligny>
					<label>[COLOR button_focus]$LOCALIZE[21875]: [/COLOR]$INFO[ListItem.Country]</label>
					<texturefocus>-</texturefocus>
					<texturenofocus>-</texturenofocus>
					<onclick>noop</onclick>
					<visible>!IsEmpty(ListItem.Country)</visible>
				</control>
				<control type="button" id="146">
					<width>505</width>
					<height>45</height>
					<textoffsetx>40</textoffsetx>
					<font>font10</font>
					<aligny>center</aligny>
					<label>[COLOR button_focus]$LOCALIZE[29909]: [/COLOR]$INFO[ListItem.Studio]</label>
					<texturefocus>-</texturefocus>
					<texturenofocus>-</texturenofocus>
					<onclick>noop</onclick>
					<visible>!IsEmpty(ListItem.Studio)</visible>
				</control>
				<control type="button" id="135">
					<width>505</width>
					<height>45</height>
					<textoffsetx>40</textoffsetx>
					<font>font10</font>
					<aligny>center</aligny>
					<textcolor>button_focus</textcolor>
					<label>$LOCALIZE[20416]: [COLOR white]$INFO[ListItem.Premiered,][/COLOR]</label>
					<texturefocus>-</texturefocus>
					<texturenofocus>-</texturenofocus>
					<visible>!IsEmpty(ListItem.Premiered)</visible>
				</control>
				<control type="button" id="210">
					<width>505</width>
					<height>45</height>
					<textoffsetx>40</textoffsetx>
					<font>font10</font>
					<aligny>center</aligny>
					<textcolor>button_focus</textcolor>
					<label>$LOCALIZE[31048]: [COLOR white]$INFO[ListItem.Season,, $LOCALIZE[36905]]$INFO[ListItem.Episode, (, $LOCALIZE[20453])][/COLOR]</label>
					<texturefocus>-</texturefocus>
					<texturenofocus>-</texturenofocus>
					<visible>!IsEmpty(ListItem.Season)</visible>
				</control>
			</control>
			<control type="image">
				<left>17</left>
				<top>185</top>
				<width>1210</width>
				<height>283</height>
				<aspectratio>scale</aspectratio>
				<texture colordiffuse="A0FFFFFF">colors/black.png</texture>
			</control>
			<control type="textbox">
				<left>17</left>
				<top>185</top>
				<width>1210</width>
				<height>283</height>
				<align>center</align>
				<aligny>center</aligny>
				<font>font24_title</font>
				<label>$LOCALIZE[31079]</label>
				<visible>StringCompare(Container(50).NumItems,0) + IsEmpty(ListItem.Art(tvshow.banner)) + IsEmpty(ListItem.Art(banner))</visible>
			</control>
			<control type="image">
				<left>77</left>
				<top>185</top>
				<width>1090</width>
				<height>283</height>
				<fadetime>150</fadetime>
				<aspectratio>keep</aspectratio>
				<texture>$VAR[BannerVar]</texture>
				<visible>StringCompare(Container(50).NumItems,0)</visible>
			</control>
			<control type="list" id="50">
				<top>158</top>
				<width>1235</width>
				<height>370</height>
				<onleft>50</onleft>
				<onright>50</onright>
				<onup condition="System.hasAddon(script.extendedinfo) + Control.HasFocus(50)">RunScript(script.extendedinfo,info=extendedactorinfo,name=$INFO[Container(50).ListItem.Label])</onup>
                <!-- jarvis fix -->
				<!-- <onup condition="!System.hasAddon(script.extendedinfo)">InstallAddon(script.extendedinfo)</onup> -->
				<ondown>140</ondown>
				<scrolltime>200</scrolltime>
				<orientation>horizontal</orientation>
				<itemlayout height="370" width="245">
					<control type="group">
						<top>10</top>
						<control type="image">
							<top>0</top>
							<width>264</width>
							<height>317</height>
							<texture>DefaultActor.png</texture>
							<aspectratio aligny="center">scale</aspectratio>
							<bordertexture border="20">overlays/shadow.png</bordertexture>
							<bordersize>20</bordersize>
						</control>
						<control type="image">
							<top>20</top>
							<left>20</left>
							<width>224</width>
							<height>277</height>
							<texture fallback="DefaultActor.png">$INFO[ListItem.Thumb]</texture>
							<aspectratio aligny="center">scale</aspectratio>
						</control>
						<control type="image">
							<left>20</left>
							<width>224</width>
							<height>62</height>
							<top>235</top>
							<texture>colors/black.png</texture>
							<animation effect="fade" start="100" end="80" time="0" condition="true">Conditional</animation>
						</control>
						<control type="label">
							<left>25</left>
							<width>214</width>
							<height>67</height>
							<top>218</top>
							<align>center</align>
							<aligny>center</aligny>
							<font>font10</font>
							<label>$INFO[ListItem.Label]</label>
						</control>
						<control type="label">
							<left>25</left>
							<width>214</width>
							<height>67</height>
							<top>245</top>
							<align>center</align>
							<aligny>center</aligny>
							<font>font10</font>
							<textcolor>grey</textcolor>
							<label>$INFO[ListItem.Label2]</label>
						</control>
					</control>
				</itemlayout>
				<focusedlayout height="370" width="245">
					<control type="group">
						<left>0</left>
						<top>10</top>
						<control type="image">
							<top>0</top>
							<width>264</width>
							<height>317</height>
							<texture>DefaultActor.png</texture>
							<aspectratio aligny="center">scale</aspectratio>
							<bordertexture border="20">overlays/shadow.png</bordertexture>
							<bordersize>20</bordersize>
						</control>
						<control type="image">
							<top>20</top>
							<left>20</left>
							<width>224</width>
							<height>277</height>
							<texture>$INFO[ListItem.Thumb]</texture>
							<aspectratio aligny="center">scale</aspectratio>
						</control>
						<control type="image">
							<left>20</left>
							<width>224</width>
							<height>62</height>
							<top>235</top>
							<texture>colors/black.png</texture>
							<animation effect="fade" start="100" end="80" time="0" condition="true">Conditional</animation>
						</control>
						<control type="label">
							<left>25</left>
							<width>214</width>
							<height>67</height>
							<top>218</top>
							<align>center</align>
							<aligny>center</aligny>
							<font>font10</font>
							<scroll>true</scroll>
							<label>$INFO[ListItem.Label]</label>
						</control>
						<control type="label">
							<left>25</left>
							<width>214</width>
							<height>67</height>
							<top>245</top>
							<align>center</align>
							<aligny>center</aligny>
							<font>font10</font>
							<textcolor>grey</textcolor>
							<scroll>true</scroll>
							<label>$INFO[ListItem.Label2]</label>
						</control>
						<control type="image">
							<left>18</left>
							<top>20</top>
							<width>230</width>
							<height>280</height>
							<texture border="8" colordiffuse="button_focus">buttons/thumbnail_focused.png</texture>
							<visible>Control.HasFocus(50)</visible>
						</control>
					</control>
				</focusedlayout>
			</control>
			<control type="grouplist" id="5000">
				<left>0</left>
				<top>764</top>
				<width>1246</width>
				<height>400</height>
				<onleft>5000</onleft>
				<onright>5000</onright>
				<onup>140</onup>
				<ondown condition="!IntegerGreaterThan(Container(5000).Position,4)">SetFocus(50,$INFO[Container(5000).Position])</ondown>
				<ondown condition="IntegerGreaterThan(Container(5000).Position,4)">SetFocus(50,4)</ondown>
				<itemgap>-16</itemgap>
				<align>center</align>
				<orientation>horizontal</orientation>
				<scrolltime tween="quadratic">200</scrolltime>
				<include name="InfoDialogButton">
					<param name="id" value="8" />
					<param name="icon" value="icons/infodialogs/play.png" />
					<param name="label" value="$LOCALIZE[208]" />
				</include>
				<include name="InfoDialogButton">
					<param name="id" value="11" />
					<param name="icon" value="icons/infodialogs/trailer.png" />
					<param name="label" value="$LOCALIZE[20410]" />
					<param name="visible" value="!IsEmpty(ListItem.Trailer) + ![substring(Container.FolderPath,plugin://) + substring(Container.FolderPath,trailer)]" />
				</include>
				<include name="InfoDialogButton">
					<param name="id" value="441" />
					<param name="icon" value="icons/infodialogs/cinema.png" />
					<param name="onclick_1" value="Dialog.Close(MovieInformation)" />
					<param name="onclick_2" value="RunScript(script.cinemavision,experience)" />
					<param name="label" value="$LOCALIZE[31003]" />
					<param name="visible" value="System.HasAddon(script.cinemavision) + [Stringcompare(ListItem.DBType,movie) | Stringcompare(ListItem.DBType,tvshow) | Stringcompare(ListItem.DBType,season) | Stringcompare(ListItem.DBType,episode)]" />
				</include>
				<include name="InfoDialogButton">
					<param name="id" value="440" />
					<param name="icon" value="icons/infodialogs/trailer.png" />
					<param name="label" value="$LOCALIZE[31090]" />
					<param name="onclick_1" value="Action(close)" />
					<param name="onclick_2" value="RunScript(script.extendedinfo,info=youtubebrowser,id=$INFO[ListItem.Title] $INFO[ListItem.Year])" />
					<param name="visible" value="System.hasAddon(script.extendedinfo) + Stringcompare(ListItem.DBType,movie) + !Control.IsVisible(11)" />
				</include>
				<control type="group" id="400">
					<width>262</width>
					<visible>Control.IsEnabled(7)</visible>
					<control type="button" id="7">
						<include name="VideoInfoButtonsCommon">
							<param name="icon" value="" />
						</include>
						<label>$LOCALIZE[31033]</label>
						<onleft>440</onleft>
						<onright>101</onright>
						<onup condition="IntegerGreaterThan(Container(5000).CurrentItem,3)">210</onup>
						<onup condition="!IntegerGreaterThan(Container(5000).CurrentItem,3)">140</onup>
						<ondown condition="Stringcompare(Container(5000).CurrentItem,1)">SetFocus(50,0)</ondown>
						<ondown condition="Stringcompare(Container(5000).CurrentItem,2)">SetFocus(50,1)</ondown>
						<ondown condition="Stringcompare(Container(5000).CurrentItem,3)">SetFocus(50,2)</ondown>
						<ondown condition="Stringcompare(Container(5000).CurrentItem,4)">SetFocus(50,3)</ondown>
						<ondown condition="Stringcompare(Container(5000).CurrentItem,5)">SetFocus(50,4)</ondown>
					</control>
					<control type="label">
						<label>$INFO[ListItem.UserRating]</label>
						<font>font30_title</font>
						<left>0</left>
						<top>18</top>
						<width>262</width>
						<align>center</align>
					</control>
					<control type="image">
						<texture>icons/infodialogs/rating.png</texture>
						<left>107</left>
						<top>24</top>
						<width>48</width>
						<height>48</height>
						<align>center</align>
						<visible>IsEmpty(ListItem.UserRating)</visible>
					</control>
				</control>
				<include name="InfoDialogButton">
					<param name="id" value="101" />
					<param name="icon" value="icons/infodialogs/info.png" />
					<param name="label" value="$LOCALIZE[31034]" />
					<param name="onclick_1" value="RunScript(script.extendedinfo,info=openinfodialog)" />
					<param name="visible" value="System.hasAddon(script.extendedinfo)" />
				</include>
				<include name="InfoDialogButton">
					<param name="id" value="102" />
					<param name="icon" value="icons/infodialogs/image.png" />
					<param name="label" value="$LOCALIZE[31028]" />
					<param name="onclick_1" value="SetProperty(fanart,$ESCINFO[ListItem.Art(fanart)],home)" />
					<param name="onclick_2" value="ActivateWindow(1104)" />
					<param name="visible" value="!IsEmpty(ListItem.Art(fanart))" />
				</include>
				<include name="InfoDialogButton">
					<param name="id" value="13" />
					<param name="icon" value="icons/infodialogs/director.png" />
					<param name="label" value="$LOCALIZE[31123]" />
					<param name="visible" value="!IsEmpty(ListItem.Director)" />
				</include>
				<include name="InfoDialogButton">
					<param name="id" value="10" />
					<param name="icon" value="icons/infodialogs/choose_image.png" />
					<param name="label" value="$LOCALIZE[13511]" />
				</include>
				<include name="InfoDialogButton">
					<param name="id" value="6" />
					<param name="icon" value="icons/infodialogs/update.png" />
					<param name="label" value="$LOCALIZE[184]" />
					<param name="visible" value="Control.IsEnabled(6)" />
				</include>
			</control>
			<include name="LeftRightArrows">
				<param name="list_id" value="5000" />
				<param name="left_posx" value="-15" />
				<param name="right_posx" value="1240" />
				<param name="posy" value="824" />
				<param name="visible" value="true" />
			</include>
			<include name="LeftRightArrows">
				<param name="list_id" value="50" />
				<param name="left_posx" value="-15" />
				<param name="right_posx" value="1240" />
				<param name="posy" value="320" />
				<param name="visible" value="true" />
			</include>
		</control>
		<control type="group">
			<include>MediaFlags</include>
		</control>
		<include name="InfoDialogTopBarInfo">
			<param name="main_label" value="$VAR[VideoInfoMainLabelVar]" />
			<param name="sub_label" value="$VAR[VideoInfoSubLabelVar]" />
		</include>
		<control type="group">
			<visible>Control.HasFocus(50)</visible>
			<animation effect="fade" time="200">VisibleChange</animation>
			<top>1019</top>
			<control type="image">
				<left>17</left>
				<width>44</width>
				<height>44</height>
				<animation effect="rotate" end="-90" center="40,23" time="0" condition="true">Conditional</animation>
				<texture colordiffuse="button_focus">frame/menu-nofo.png</texture>
			</control>
			<control type="label">
				<left>74</left>
				<width>500</width>
				<height>44</height>
				<shadowcolor>text_shadow</shadowcolor>
				<label>$LOCALIZE[31125]</label>
			</control>
		</control>
		<control type="group">
			<visible>Control.HasFocus(138)</visible>
			<animation effect="fade" time="200">VisibleChange</animation>
			<top>1019</top>
			<control type="image">
				<left>17</left>
				<width>44</width>
				<height>44</height>
				<texture colordiffuse="button_focus">frame/menu-fo.png</texture>
			</control>
			<control type="label">
				<left>74</left>
				<width>500</width>
				<height>44</height>
				<shadowcolor>text_shadow</shadowcolor>
				<label>$LOCALIZE[31126]</label>
			</control>
		</control>
	</controls>
</window>
