<?xml version="1.0" encoding="utf-8"?>
<window>
	<defaultcontrol always="true">9000</defaultcontrol>
	<controls>
		<control type="group">
			<include>OpenClose_Right</include>
			<control type="button">
				<left>840</left>
				<top>162</top>
				<width>1000</width>
				<height>509</height>
				<label>-</label>
			</control>
			<control type="label">
				<left>890</left>
				<top>200</top>
				<width>900</width>
				<height>396</height>
				<wrapmultiline>true</wrapmultiline>
				<font>font12</font>
				<!-- jarvis fix-->
				<label>$INFO[ListItem.Property(Addon.Summary),[B],[/B][CR]][COLOR=white]$INFO[ListItem.Property(Addon.Description)][/COLOR][COLOR=white][CR]$INFO[ListItem.Property(Addon.Disclaimer),[CR][CR]$LOCALIZE[24052]: ][/COLOR]</label>
				<textcolor>button_focus</textcolor>
			</control>
			<control type="grouplist" id="9000">
				<left>90</left>
				<top>770</top>
				<width>1740</width>
				<height>768</height>
				<onleft>9000</onleft>
				<onright>9000</onright>
				<onup>9000</onup>
				<ondown>9000</ondown>
				<align>center</align>
				<itemgap>-18</itemgap>
				<orientation>horizontal</orientation>
				<include name="InfoDialogButton">
					<param name="id" value="12" />
					<param name="icon" value="icons/infodialogs/launch.png" />
					<param name="label" value="$LOCALIZE[518]" />
				</include>
				<include name="InfoDialogButton">
					<param name="id" value="9" />
					<param name="icon" value="icons/infodialogs/configure.png" />
					<param name="label" value="$LOCALIZE[24020]" />
				</include>
				<include name="InfoDialogButton">
					<param name="id" value="8" />
					<param name="icon" value="icons/infodialogs/update.png" />
					<param name="label" value="$LOCALIZE[24069]" />
				</include>
				<control type="radiobutton" id="13">
					<width>262</width>
					<height>140</height>
					<align>center</align>
					<aligny>top</aligny>
					<textoffsetx>35</textoffsetx>
					<textoffsety>76</textoffsety>
					<radioposx>81</radioposx>
					<radioposy>14</radioposy>
					<radiowidth>100</radiowidth>
					<font>font12</font>
					<visible>Control.IsEnabled(13)</visible>
				</control>
				<include name="InfoDialogButton">
					<param name="id" value="10" />
					<param name="icon" value="icons/infodialogs/changelog.png" />
					<param name="label" value="$LOCALIZE[24036]" />
				</include>
				<include name="InfoDialogToggleButton">
					<param name="id" value="7" />
					<param name="icon_on" value="icons/infodialogs/enabled.png" />
					<param name="icon_off" value="icons/infodialogs/disable.png" />
					<param name="selected" value="ListItem.Property(addon.enabled)" />
					<param name="label" value="" />
				</include>
				<include name="InfoDialogToggleButton">
					<param name="id" value="6" />
					<param name="icon_on" value="icons/infodialogs/uninstall.png" />
					<param name="icon_off" value="icons/infodialogs/install.png" />
					<param name="selected" value="ListItem.Property(addon.installed) | !Window.IsActive(addonbrowser)" />
					<param name="label" value="" />
				</include>
			</control>
		</control>
		<control type="group">
			<include>OpenClose_Left</include>
			<visible>Window.IsActive(eventlog) | Window.IsActive(home) | Window.IsActive(1100)</visible>
			<include>Visible_Left</include>
			<include>ListThumbInfoPanel</include>
		</control>
		<include name="InfoDialogTopBarInfo">
			<!-- jarvis fix-->
			<param name="main_label" value="$INFO[ListItem.Property(Addon.Name)]" />
			<param name="sub_label" value="$INFO[ListItem.Property(Addon.Version),[COLOR button_focus],[/COLOR]]$INFO[ListItem.Property(Addon.Creator), $LOCALIZE[31071] ]" />
		</include>
		<control type="group">
			<visible>!IsEmpty(ListItem.Property(Addon.Broken))</visible>
			<include>OpenClose_Fade</include>
			<control type="image">
				<left>114</left>
				<top>186</top>
				<width>461</width>
				<height>461</height>
				<texture colordiffuse="AAFFFFFF">colors/black.png</texture>
			</control>
			<control type="textbox">
				<left>130</left>
				<top>190</top>
				<width>420</width>
				<align>center</align>
				<aligny>center</aligny>
				<height>400</height>
				<label>$LOCALIZE[24096]</label>
				<font>font24_title</font>
			</control>
		</control>
	</controls>
</window>
