<?xml version="1.0" encoding="UTF-8"?>
<window>
	<defaultcontrol always="true">50</defaultcontrol>
	<backgroundcolor>background</backgroundcolor>
	<menucontrol>9000</menucontrol>
	<views>50,52,53,54,55,500</views>
	<controls>
		<include>DefaultBackground</include>
		<include>CommonScrollbars</include>
		<control type="group" id="100">
			<animation effect="fade" start="100" end="0" time="200" tween="sine" condition="Window.IsActive(addoninformation) | Window.IsActive(musicinformation) | Window.IsActive(songinformation)">Conditional</animation>
			<include>View_50_List</include>
			<include>View_52_IconWall</include>
			<include>View_53_Shift</include>
			<include>View_54_InfoWall</include>
			<include>View_55_WideList</include>
			<include>View_500_SmallThumb</include>
		</control>
		<control type="group">
			<include>OpenClose_Left</include>
			<visible>Control.IsVisible(50) | Control.IsVisible(55) | Window.IsActive(musicinformation) | [Control.IsVisible(500) + Window.IsActive(addoninformation)]</visible>
			<visible>Container.Content(artists) | Container.Content(albums) | Container.Content(songs) | Container.Content(addons) | Container.Content(files) | Container.Content(directors)</visible>
			<include>Visible_Left</include>
			<include>ListThumbInfoPanel</include>
		</control>
		<control type="group">
			<include>OpenClose_Right</include>
			<animation effect="fade" start="100" end="0" time="200" tween="sine" condition="Window.IsActive(musicinformation) | Window.IsActive(addoninformation)">Conditional</animation>
			<visible>[Control.IsVisible(50) | Control.Isvisible(54)] + !IsEmpty(ListItem.DBID)</visible>
			<include>Visible_Right</include>
			<visible>Container.Content(albums) | Container.Content(artists)</visible>
			<control type="image">
				<right>90</right>
				<top>162</top>
				<width>509</width>
				<height>746</height>
				<texture border="22">dialogs/dialog-bg.png</texture>
			</control>
			<control type="textbox">
				<right>130</right>
				<top>194</top>
				<width>429</width>
				<height>388</height>
				<font>font12</font>
				<label>$INFO[ListItem.Property(artist_description)]$INFO[ListItem.Property(album_description),[CR]]</label>
			</control>
			<control type="textbox">
				<right>130</right>
				<top>360</top>
				<width>429</width>
				<height>413</height>
				<align>center</align>
				<font>font24_title</font>
				<label>$LOCALIZE[19055]</label>
				<visible>IsEmpty(Listitem.Property(artist_description)) + IsEmpty(Listitem.Property(album_description)) + !StringCompare(ListItem.Label,..)</visible>
			</control>
			<control type="image">
				<right>113</right>
				<top>614</top>
				<width>463</width>
				<height>270</height>
				<aspectratio aligny="top">scale</aspectratio>
				<fadetime>300</fadetime>
				<texture background="true" fallback="DefaultFolder.png">$VAR[ListInfoBoxImageVar]</texture>
			</control>
		</control>
		<include>MediaMenuMouseOverlay</include>
		<control type="group">
			<include>MediaMenuCommon</include>
			<control type="grouplist" id="9000">
				<top>90</top>
				<include>MediaMenuListCommon</include>
				<control type="label" id="203">
					<description>Actions</description>
					<include>MediaMenuLabelCommon</include>
					<label>$LOCALIZE[31020]</label>
				</control>
				<control type="togglebutton" id="619">
					<include>MediaMenuItemsCommon</include>
					<label>$LOCALIZE[653]</label>
					<onclick>UpdateLibrary(music)</onclick>
					<visible>!Container.Content(addons)</visible>
					<altlabel>$LOCALIZE[13353]</altlabel>
					<usealttexture>library.isscanningmusic</usealttexture>
				</control>
				<control type="radiobutton" id="16">
					<label>$LOCALIZE[589]</label>
					<include>MediaMenuItemsCommon</include>
				</control>
				<control type="button" id="612">
					<include>MediaMenuItemsCommon</include>
					<label>$LOCALIZE[31056]</label>
					<onclick>ActivateWindow(musicplaylist)</onclick>
					<visible>IntegerGreaterThan(Playlist.Length(music),0)</visible>
				</control>
				<control type="button" id="621">
					<include>MediaMenuItemsCommon</include>
					<label>$LOCALIZE[21452]</label>
					<onclick>ActivateWindow(addonbrowser,addons://sources/audio/,return)</onclick>
					<visible>Container.Content(addons)</visible>
				</control>
				<control type="button" id="624">
					<include>MediaMenuItemsCommon</include>
					<label>$LOCALIZE[10140]</label>
					<onclick>Addon.OpenSettings($INFO[Container.PluginName])</onclick>
					<visible>!IsEmpty(Container.PluginName)</visible>
				</control>
				<control type="button" id="622">
					<include>MediaMenuItemsCommon</include>
					<label>$LOCALIZE[31117]</label>
					<onclick condition="System.HasAddon(plugin.library.node.editor)">ActivateWindow(programs,plugin://plugin.library.node.editor/?ltype=music,return)</onclick>
                    <!-- jarvis fix -->
					<!-- <onclick condition="!System.HasAddon(plugin.library.node.editor)">InstallAddon(plugin.library.node.editor)</onclick> -->
					<visible>Container.Content() + IsEmpty(Container.PluginName)</visible>
				</control>
				<include>MediaMenuNowPlaying</include>
			</control>
		</control>
		<include name="TopBar">
			<param name="breadcrumbs_label" value="$LOCALIZE[2]" />
			<param name="breadcrumbs_icon" value="icons/settings/music.png" />
		</include>
		<include name="BottomBar">
			<param name="info_visible" value="true" />
		</include>
	</controls>
</window>
